Date,Open,High,Low,Close,Adj Close,Volume
2010-04-05,118.250000,118.839996,117.919998,118.760002,97.063919,105847600
2010-04-06,118.419998,119.250000,118.290001,119.040001,97.292755,110384200
2010-04-07,118.800003,119.360001,117.809998,118.360001,96.736984,184576300
2010-04-08,117.949997,118.970001,117.599998,118.769997,97.072075,158704000
2010-04-09,119.019997,119.599998,118.800003,119.550003,97.709579,133006500
2010-04-12,119.699997,120.050003,119.559998,119.739998,97.864883,110279000
2010-04-13,119.620003,120.040001,119.000000,119.830002,97.938446,125043600
2010-04-14,120.269997,121.190002,120.080002,121.190002,99.049973,161609000
2010-04-15,120.989998,121.570000,120.949997,121.290001,99.131706,144615300
2010-04-16,120.860001,121.290001,118.750000,119.360001,97.554298,366786700
2010-04-19,119.010002,119.930000,118.470001,119.809998,97.922104,217947800
2010-04-20,120.559998,120.980003,119.870003,120.879997,98.796600,157708000
2010-04-21,120.949997,121.230003,119.989998,120.660004,98.616798,192910100
2010-04-22,119.809998,121.169998,119.120003,121.019997,98.911041,115360300
2010-04-23,120.940002,121.860001,120.629997,121.809998,99.556709,177335500
2010-04-26,121.849998,122.120003,121.230003,121.349998,99.180756,143457300
2010-04-27,120.650002,121.339996,118.250000,118.480003,96.835060,355853300
2010-04-28,119.050003,119.680000,118.269997,119.379997,97.570625,300674100
2010-04-29,120.099998,121.110001,120.070000,120.860001,98.780228,193775000
2010-04-30,120.879997,121.010002,118.779999,118.809998,97.104759,270000900
2010-05-03,119.379997,120.680000,119.199997,120.349998,98.363426,182747900
2010-05-04,119.010002,119.029999,116.919998,117.519997,96.050430,360353400
2010-05-05,116.559998,117.800003,115.970001,116.820000,95.478325,328973200
2010-05-06,116.260002,117.000000,105.000000,112.940002,92.307137,647356600
2010-05-07,112.639999,113.769997,109.410004,111.260002,90.934059,637558800
2010-05-10,115.809998,116.650002,114.910004,116.160004,94.938896,396159600
2010-05-11,115.070000,117.360001,114.910004,115.830002,94.669189,317849800
2010-05-12,116.290001,117.620003,116.089996,117.449997,95.993225,235607100
2010-05-13,117.129997,117.680000,115.889999,115.989998,94.799965,234452500
2010-05-14,115.120003,115.330002,112.870003,113.889999,93.083588,345601400
2010-05-17,114.199997,114.519997,111.769997,113.949997,93.132622,325739800
2010-05-18,114.879997,115.220001,112.029999,112.400002,91.865822,360556800
2010-05-19,111.769997,112.769997,110.360001,111.760002,91.342735,394742700
2010-05-20,109.379997,109.889999,107.470001,107.540001,87.893669,530418300
2010-05-21,105.910004,109.379997,105.360001,109.110001,89.176857,500909400
2010-05-24,108.519997,109.389999,107.610001,107.709999,88.032600,269823000
2010-05-25,105.110001,107.870003,104.379997,107.820000,88.122513,396505200
2010-05-26,108.480003,109.470001,106.849998,107.169998,87.591270,349719300
2010-05-27,109.190002,110.800003,108.779999,110.760002,90.525421,300870500
2010-05-28,110.639999,110.720001,108.849998,109.370003,89.389351,297933500
2010-06-01,108.349998,109.949997,107.370003,107.529999,87.885490,277909400
2010-06-02,108.080002,110.339996,107.510002,110.330002,90.173981,240243700
2010-06-03,110.650002,111.059998,109.580002,110.709999,90.484558,226618300
2010-06-04,108.610001,109.330002,106.459999,106.820000,87.305199,398475600
2010-06-07,107.199997,107.610001,105.410004,105.489998,86.218178,264609100
2010-06-08,105.570000,106.830002,104.650002,106.620003,87.141747,357774300
2010-06-09,107.239998,108.279999,105.599998,106.050003,86.675896,268023300
2010-06-10,107.860001,109.279999,106.040001,109.150002,89.209557,317890600
2010-06-11,108.190002,109.750000,108.120003,109.680000,89.642731,214128200
2010-06-14,110.519997,111.120003,109.400002,109.510002,89.503784,207196100
2010-06-15,110.279999,112.099998,110.089996,112.000000,91.538879,238268700
2010-06-16,111.419998,112.419998,111.199997,111.959999,91.506180,216374000
2010-06-17,112.279999,112.330002,111.050003,112.139999,91.653305,263185800
2010-06-18,111.830002,112.129997,111.370003,111.730003,91.752678,174006600
2010-06-21,113.120003,113.199997,110.790001,111.410004,91.489891,213140700
2010-06-22,111.410004,111.900002,109.410004,109.570000,89.978874,239355400
2010-06-23,109.639999,110.029999,108.480003,109.230003,89.699646,254639900
2010-06-24,108.690002,108.830002,107.139999,107.419998,88.213295,268523600
2010-06-25,107.739998,108.419998,106.769997,107.870003,88.582848,238726500
2010-06-28,108.029999,108.320000,107.139999,107.529999,88.303627,169218600
2010-06-29,106.019997,107.510002,103.550003,104.209999,85.577240,373649500
2010-06-30,103.919998,104.879997,102.879997,103.220001,84.764252,284101700
2010-07-01,103.150002,103.489998,101.129997,102.760002,84.386490,382924800
2010-07-02,103.110001,103.419998,101.620003,102.199997,83.926636,233385200
2010-07-06,103.639999,104.370003,101.879997,102.870003,84.476845,256935300
2010-07-07,103.129997,106.239998,103.019997,106.110001,87.137512,253769400
2010-07-08,107.000000,107.279999,105.910004,107.160004,87.999802,210842100
2010-07-09,107.129997,107.970001,106.930000,107.959999,88.656738,144999900
2010-07-12,107.599998,108.239998,107.150002,108.029999,88.714226,131283600
2010-07-13,109.150002,110.089996,108.930000,109.660004,90.052803,213025900
2010-07-14,109.309998,110.080002,108.860001,109.650002,90.044571,184426800
2010-07-15,109.610001,110.059998,108.169998,109.680000,90.069221,232337900
2010-07-16,109.089996,109.209999,106.449997,106.660004,87.589172,282693400
2010-07-19,107.050003,107.629997,106.220001,107.290001,88.106560,186709000
2010-07-20,105.870003,108.559998,105.820000,108.480003,89.083771,258162400
2010-07-21,109.040001,109.070000,106.629997,107.070000,87.925896,264527000
2010-07-22,108.339996,109.940002,108.330002,109.459999,89.888542,274781300
2010-07-23,109.239998,110.570000,108.930000,110.410004,90.668716,222020800
2010-07-26,110.599998,111.669998,110.290001,111.559998,91.613068,184445700
2010-07-27,112.169998,112.290001,111.110001,111.550003,91.604858,204855600
2010-07-28,111.320000,111.660004,110.459999,110.830002,91.013588,163056200
2010-07-29,111.519997,111.820000,109.410004,110.290001,90.570145,220149100
2010-07-30,109.169998,110.860001,108.980003,110.269997,90.553703,220070600
2010-08-02,111.989998,112.940002,111.540001,112.760002,92.598503,188263200
2010-08-03,112.480003,112.769997,111.849998,112.220001,92.155052,146657300
2010-08-04,112.529999,113.110001,112.160004,112.970001,92.770973,158171700
2010-08-05,112.250000,112.910004,112.080002,112.849998,92.672409,140473800
2010-08-06,111.739998,112.570000,110.919998,112.389999,92.294655,239728300
2010-08-09,112.919998,113.180000,112.320000,112.989998,92.787392,120800400
2010-08-10,112.029999,112.980003,111.370003,112.379997,92.286446,242916300
2010-08-11,110.650002,110.690002,109.120003,109.300003,89.757156,273406900
2010-08-12,107.650002,109.019997,107.599998,108.629997,89.206924,239542600
2010-08-13,108.290001,108.959999,108.180000,108.309998,88.944130,158698500
2010-08-16,107.570000,108.610001,107.180000,108.260002,88.903114,147895300
2010-08-17,109.190002,110.389999,108.879997,109.589996,89.995293,172270300
2010-08-18,109.540001,110.379997,108.910004,109.790001,90.159561,182922100
2010-08-19,109.220001,109.489998,107.430000,107.879997,88.591057,265847600
2010-08-20,107.559998,107.940002,106.750000,107.529999,88.303627,209714200
2010-08-23,108.040001,108.570000,107.070000,107.120003,87.966934,163490300
2010-08-24,105.949997,106.389999,104.970001,105.529999,86.661240,280677800
2010-08-25,104.949997,106.339996,104.290001,105.940002,86.997917,272234800
2010-08-26,106.440002,106.580002,104.879997,105.230003,86.414856,224439500
2010-08-27,105.889999,106.970001,104.309998,106.860001,87.753433,272649000
2010-08-30,106.580002,106.910004,105.300003,105.309998,86.480568,167238600
2010-08-31,104.919998,105.980003,104.489998,105.309998,86.480568,273933100
2010-09-01,106.730003,108.610001,106.660004,108.459999,89.067337,256828100
2010-09-02,108.720001,109.489998,108.489998,109.470001,89.896767,156112200
2010-09-03,110.540001,110.989998,109.949997,110.889999,91.062889,212197300
2010-09-07,110.370003,110.510002,109.550003,109.639999,90.036385,141973700
2010-09-08,109.860001,110.849998,109.809998,110.410004,90.668716,149924400
2010-09-09,111.650002,111.680000,110.620003,110.919998,91.087509,147017900
2010-09-10,111.120003,111.610001,110.870003,111.480003,91.547379,127819000
2010-09-13,112.580002,112.949997,112.129997,112.720001,92.565651,178503500
2010-09-14,112.500000,113.290001,112.080002,112.650002,92.508194,209823600
2010-09-15,112.320000,113.209999,111.980003,113.080002,92.861305,168608400
2010-09-16,112.730003,113.120003,112.349998,113.050003,92.836655,199962900
2010-09-17,113.040001,113.150002,112.180000,112.489998,92.871330,195836900
2010-09-20,112.879997,114.459999,112.519997,114.209999,94.291351,214555200
2010-09-21,114.300003,114.839996,113.510002,113.980003,94.101494,268389100
2010-09-22,113.800003,114.440002,113.099998,113.419998,93.639137,191322400
2010-09-23,112.489998,113.669998,112.180000,112.500000,92.879562,202354300
2010-09-24,113.750000,114.900002,113.650002,114.820000,94.794975,209671800
2010-09-27,114.860001,114.989998,114.160004,114.269997,94.340904,128761800
2010-09-28,114.419998,115.040001,113.180000,114.669998,94.671143,209207500
2010-09-29,114.379997,114.910004,114.019997,114.470001,94.506027,179665800
2010-09-30,115.050003,115.790001,113.589996,114.129997,94.225327,287106700
2010-10-01,114.989998,115.120003,113.930000,114.610001,94.621582,174638700
2010-10-04,114.370003,114.849998,113.180000,113.750000,93.911575,166153200
2010-10-05,114.800003,116.320000,114.669998,116.040001,95.802177,229634100
2010-10-06,116.019997,116.330002,115.559998,116.029999,95.793930,148626600
2010-10-07,116.500000,116.529999,115.190002,115.889999,95.678352,164860000
2010-10-08,116.050003,116.860001,115.610001,116.540001,96.214996,177760100
2010-10-11,116.720001,116.970001,116.250000,116.650002,96.305794,103098300
2010-10-12,116.269997,117.349998,115.650002,117.010002,96.603020,182210000
2010-10-13,117.660004,118.550003,117.379997,117.919998,97.354301,194347200
2010-10-14,117.809998,118.010002,116.720001,117.459999,96.974564,217764300
2010-10-15,118.279999,118.349998,116.760002,117.699997,97.172684,243705000
2010-10-18,117.739998,118.669998,117.309998,118.279999,97.651535,141204800
2010-10-19,117.190002,117.849998,116.019997,116.730003,96.371887,280604700
2010-10-20,116.940002,118.440002,116.870003,117.870003,97.313042,200051800
2010-10-21,118.400002,119.089996,117.209999,118.129997,97.527664,221585500
2010-10-22,118.309998,118.529999,118.000000,118.349998,97.709328,108212400
2010-10-25,119.139999,119.760002,118.610001,118.699997,97.998299,151145700
2010-10-26,118.099998,118.839996,117.870003,118.720001,98.014786,158982900
2010-10-27,117.889999,118.510002,117.260002,118.379997,97.734123,190024000
2010-10-28,119.059998,119.110001,117.830002,118.400002,97.750618,168576000
2010-10-29,118.279999,118.720001,118.070000,118.489998,97.824875,144305500
2010-11-01,119.070000,119.750000,117.849998,118.529999,97.857933,174074800
2010-11-02,119.419998,119.750000,119.099998,119.470001,98.634003,158345900
2010-11-03,119.680000,120.019997,118.449997,119.949997,99.030281,226702800
2010-11-04,121.279999,122.320000,119.970001,122.260002,100.937416,215039400
2010-11-05,122.339996,122.919998,122.180000,122.720001,101.317184,180654100
2010-11-08,122.339996,122.690002,121.940002,122.489998,101.127304,156107100
2010-11-09,122.820000,122.949997,121.120003,121.610001,100.400772,186621600
2010-11-10,121.580002,122.160004,120.660004,122.099998,100.805290,221387400
2010-11-11,121.050003,121.820000,120.680000,121.639999,100.425522,158017600
2010-11-12,120.820000,121.349998,119.650002,120.199997,99.236656,239068800
2010-11-15,120.580002,121.050003,119.980003,120.029999,99.096329,163940800
2010-11-16,119.290001,119.489998,117.589996,118.160004,97.552444,299566200
2010-11-17,118.209999,118.709999,117.860001,118.220001,97.602005,172308900
2010-11-18,119.360001,120.389999,119.349998,119.959999,99.038521,197723700
2010-11-19,119.900002,120.339996,119.250000,120.290001,99.310966,156852900
2010-11-22,119.690002,120.239998,118.769997,120.190002,99.228439,181361000
2010-11-23,118.769997,119.019997,117.989998,118.449997,97.791901,222309000
2010-11-24,119.199997,120.230003,119.180000,120.199997,99.236656,140046100
2010-11-26,119.160004,119.809998,118.800003,118.800003,98.080841,76007800
2010-11-29,118.500000,119.480003,117.739998,119.160004,98.378052,223642300
2010-11-30,117.980003,119.169998,117.809998,118.489998,97.824875,233930700
2010-12-01,120.199997,121.239998,120.190002,121.010002,99.905418,221037200
2010-12-02,121.199997,122.650002,121.129997,122.559998,101.185066,191213600
2010-12-03,122.139999,123.029999,122.110001,122.889999,101.457550,151288900
2010-12-06,122.629997,123.040001,122.500000,122.760002,101.350197,103050500
2010-12-07,123.940002,124.010002,122.760002,122.830002,101.407997,206581000
2010-12-08,122.980003,123.379997,122.410004,123.279999,101.779518,138019200
2010-12-09,123.970001,124.019997,123.150002,123.760002,102.175819,123705100
2010-12-10,124.139999,124.599998,123.730003,124.480003,102.770241,117571700
2010-12-13,125.050003,125.199997,124.519997,124.559998,102.836288,133812700
2010-12-14,124.750000,125.230003,124.290001,124.669998,102.927109,147249600
2010-12-15,124.440002,124.930000,123.889999,124.099998,102.456520,160823100
2010-12-16,124.180000,124.910004,123.750000,124.820000,103.050941,185035200
2010-12-17,124.080002,124.459999,123.820000,124.300003,103.161324,141075300
2010-12-20,124.639999,124.900002,123.980003,124.599998,103.410294,119085500
2010-12-21,124.989998,125.470001,124.870003,125.389999,104.065933,94965500
2010-12-22,125.480003,125.820000,125.410004,125.779999,104.389618,78878100
2010-12-23,125.639999,125.779999,125.290001,125.599998,104.240211,70053700
2010-12-27,125.129997,125.769997,125.040001,125.650002,104.281738,58126000
2010-12-28,125.900002,125.949997,125.500000,125.830002,104.431137,55309100
2010-12-29,125.980003,126.199997,125.900002,125.919998,104.505821,58033100
2010-12-30,125.800003,126.129997,125.529999,125.720001,104.339821,76616900
2010-12-31,125.529999,125.870003,125.330002,125.750000,104.364723,91218900
2011-01-03,126.709999,127.599998,125.699997,127.050003,105.443665,138725200
2011-01-04,127.330002,127.370003,126.190002,126.980003,105.385559,137409700
2011-01-05,126.580002,127.720001,126.459999,127.639999,105.933296,133975300
2011-01-06,127.690002,127.830002,127.010002,127.389999,105.725830,122519000
2011-01-07,127.559998,127.769997,126.150002,127.139999,105.518341,156034600
2011-01-10,126.580002,127.160004,126.199997,126.980003,105.385559,122401700
2011-01-11,127.440002,127.739998,126.949997,127.430000,105.759033,110287000
2011-01-12,128.210007,128.720001,127.459999,128.580002,106.713463,107929200
2011-01-13,128.630005,128.690002,128.050003,128.369995,106.539177,129048400
2011-01-14,128.190002,129.330002,128.100006,129.300003,107.310997,117677900
2011-01-18,129.179993,129.639999,129.029999,129.520004,107.493591,114401300
2011-01-19,129.410004,129.539993,127.910004,128.250000,106.439568,151958400
2011-01-20,127.959999,128.399994,127.129997,128.080002,106.298470,175745700
2011-01-21,128.880005,129.169998,128.229996,128.369995,106.539177,151462900
2011-01-24,128.289993,129.250000,128.259995,129.100006,107.145020,113715500
2011-01-25,128.759995,129.279999,128.110001,129.169998,107.203110,167552200
2011-01-26,129.490005,130.050003,129.229996,129.669998,107.618095,141281500
2011-01-27,129.699997,130.210007,129.470001,129.990005,107.883675,123302700
2011-01-28,130.139999,130.350006,127.510002,127.720001,105.999702,295637300
2011-01-31,128.070007,128.779999,127.750000,128.679993,106.796448,149249200
2011-02-01,129.460007,130.970001,129.380005,130.740005,108.506104,167194300
2011-02-02,130.399994,130.839996,130.330002,130.490005,108.298653,118323600
2011-02-03,130.259995,130.979996,129.570007,130.779999,108.539314,145886700
2011-02-04,130.830002,131.199997,130.229996,131.149994,108.846397,134634800
2011-02-07,131.440002,132.399994,131.429993,131.970001,109.526909,112439100
2011-02-08,132.089996,132.639999,131.729996,132.570007,110.024902,99072800
2011-02-09,132.210007,132.630005,131.610001,132.270004,109.775925,146436700
2011-02-10,131.600006,132.470001,131.300003,132.320007,109.817429,162708500
2011-02-11,131.800003,133.279999,131.770004,133.110001,110.473068,137710300
2011-02-14,133.029999,133.539993,132.880005,133.429993,110.738640,101690700
2011-02-15,133.020004,133.220001,132.320007,133.009995,110.390076,119575400
2011-02-16,133.460007,134.009995,133.190002,133.850006,111.087242,130183500
2011-02-17,133.460007,134.429993,133.339996,134.250000,111.419189,109810500
2011-02-18,134.369995,134.690002,134.059998,134.529999,111.651581,130002400
2011-02-22,133.119995,134.559998,131.470001,131.830002,109.410744,233116400
2011-02-23,131.750000,132.070007,130.210007,131.020004,108.738503,227584000
2011-02-24,130.880005,131.440002,129.699997,130.929993,108.663788,260431400
2011-02-25,131.479996,132.410004,131.399994,132.330002,109.825714,141686900
2011-02-28,132.820007,133.320007,132.380005,133.149994,110.506264,141585500
2011-03-01,133.570007,133.690002,130.889999,130.929993,108.663788,258565500
2011-03-02,130.750000,131.820007,130.350006,131.210007,108.896179,200277400
2011-03-03,132.399994,133.619995,132.389999,133.470001,110.771828,176480100
2011-03-04,133.369995,133.630005,131.600006,132.470001,109.941925,277202300
2011-03-07,132.860001,133.160004,130.740005,131.429993,109.078773,216790400
2011-03-08,131.639999,133.000000,131.070007,132.580002,110.033195,174615000
2011-03-09,132.320007,132.800003,131.600006,132.389999,109.875496,153806000
2011-03-10,131.000000,131.179993,129.809998,129.940002,107.842178,301291800
2011-03-11,129.520004,131.309998,129.490005,130.839996,108.589096,225621800
2011-03-14,129.990005,130.479996,129.059998,130.050003,107.933479,234974100
2011-03-15,126.589996,129.330002,126.500000,128.559998,106.696838,359585400
2011-03-16,128.149994,128.570007,125.279999,126.180000,104.721588,468670300
2011-03-17,128.000000,128.389999,127.099998,127.849998,106.107605,254303700
2011-03-18,128.839996,128.880005,127.510002,127.760002,106.493530,230435400
2011-03-21,129.350006,130.009995,129.199997,129.740005,108.143959,153992600
2011-03-22,129.720001,129.889999,129.169998,129.289993,107.768860,129538600
2011-03-23,128.929993,130.000000,128.320007,129.660004,108.077263,148603100
2011-03-24,130.399994,131.089996,129.669998,130.899994,109.110825,159129800
2011-03-25,131.240005,131.869995,130.889999,131.300003,109.444305,155642800
2011-03-28,131.580002,131.919998,130.940002,130.979996,109.177521,109762400
2011-03-29,130.869995,131.899994,130.440002,131.860001,109.911049,129798800
2011-03-30,132.550003,133.160004,132.360001,132.770004,110.669563,135835000
2011-03-31,132.600006,132.960007,132.449997,132.589996,110.519524,132537100
2011-04-01,133.410004,133.770004,132.830002,133.149994,110.986320,153850100
2011-04-04,133.429993,133.669998,132.880005,133.259995,111.078003,100768900
2011-04-05,133.000000,133.830002,132.940002,133.240005,111.061356,120791500
2011-04-06,133.880005,134.000000,133.119995,133.660004,111.411453,120411600
2011-04-07,133.419998,133.979996,132.660004,133.320007,111.128029,170731500
2011-04-08,133.910004,133.990005,132.309998,132.860001,110.744598,147945400
2011-04-11,133.000000,133.449997,132.139999,132.460007,110.411186,121385400
2011-04-12,131.720001,131.979996,130.990005,131.470001,109.585983,161187400
2011-04-13,132.080002,132.179993,130.960007,131.460007,109.577637,162059000
2011-04-14,130.699997,131.759995,130.270004,131.559998,109.660995,161220400
2011-04-15,131.800003,132.369995,131.410004,132.039993,110.061096,170006700
2011-04-18,130.589996,132.029999,129.509995,130.559998,108.827469,210759300
2011-04-19,130.759995,131.350006,130.440002,131.309998,109.452606,124258800
2011-04-20,132.880005,133.389999,132.789993,133.100006,110.944641,156133800
2011-04-21,133.789993,133.839996,133.100006,133.779999,111.511475,135935400
2011-04-25,133.679993,133.860001,133.199997,133.639999,111.394768,65757100
2011-04-26,134.050003,135.059998,133.910004,134.789993,112.353325,146600000
2011-04-27,135.050003,135.869995,134.500000,135.669998,113.086876,143031000
2011-04-28,135.429993,136.289993,135.410004,136.110001,113.453606,124791100
2011-04-29,136.160004,136.570007,135.979996,136.429993,113.720352,115094100
2011-05-02,137.070007,137.179993,135.949997,136.220001,113.545296,126278700
2011-05-03,135.960007,136.190002,135.039993,135.729996,113.136864,138375000
2011-05-04,135.669998,135.729996,134.229996,134.830002,112.386673,182678500
2011-05-05,134.080002,134.949997,133.020004,133.610001,111.369766,226900000
2011-05-06,134.940002,135.630005,133.679993,134.199997,111.861557,222787200
2011-05-09,134.190002,135.110001,133.979996,134.720001,112.295006,114104500
2011-05-10,135.169998,136.110001,135.000000,135.869995,113.253578,114806900
2011-05-11,135.669998,135.690002,133.820007,134.440002,112.061592,193564200
2011-05-12,134.080002,135.360001,133.389999,135.080002,112.595055,171550700
2011-05-13,135.149994,135.339996,133.559998,134.039993,111.728165,157444900
2011-05-16,133.559998,134.610001,132.970001,133.190002,111.019669,141675400
2011-05-17,132.690002,133.350006,132.119995,133.169998,111.003029,192686200
2011-05-18,133.240005,134.500000,132.949997,134.360001,111.994919,135217900
2011-05-19,134.800003,135.029999,133.940002,134.679993,112.261635,119489500
2011-05-20,134.330002,134.679993,133.360001,133.610001,111.369766,182594900
2011-05-23,131.979996,132.720001,131.589996,132.059998,110.077751,168700000
2011-05-24,132.440002,132.729996,131.699997,131.949997,109.986069,147199600
2011-05-25,131.419998,132.940002,131.380005,132.389999,110.352821,151050100
2011-05-26,132.029999,133.240005,131.779999,133.000000,110.861298,164850000
2011-05-27,133.369995,133.869995,132.960007,133.509995,111.286385,120921900
2011-05-31,134.770004,134.919998,133.839996,134.899994,112.445023,164731200
2011-06-01,134.509995,134.919998,131.759995,131.869995,109.919395,233094300
2011-06-02,131.960007,132.240005,130.960007,131.729996,109.802711,200466800
2011-06-03,130.149994,131.419998,130.080002,130.419998,108.710754,234690200
2011-06-06,130.089996,130.360001,128.869995,129.039993,107.560463,179951200
2011-06-07,129.699997,130.070007,128.850006,128.960007,107.493805,161660500
2011-06-08,128.759995,129.190002,128.179993,128.419998,107.043694,198696400
2011-06-09,128.770004,129.929993,128.460007,129.399994,107.860558,160964400
2011-06-10,128.850006,128.929993,127.260002,127.599998,106.360161,238629400
2011-06-13,127.889999,128.240005,127.050003,127.699997,106.443504,207599800
2011-06-14,128.869995,129.770004,128.820007,129.320007,107.793854,160570400
2011-06-15,128.240005,129.300003,126.680000,127.019997,105.876709,300958000
2011-06-16,127.059998,127.970001,126.320000,127.300003,106.110123,308032800
2011-06-17,127.930000,127.940002,126.620003,127.050003,106.426765,233284900
2011-06-20,126.620003,127.970001,126.580002,127.699997,106.971237,159479000
2011-06-21,128.360001,129.699997,127.750000,129.449997,108.437164,193157300
2011-06-22,129.050003,129.809998,128.589996,128.669998,107.783775,176703000
2011-06-23,127.160004,128.639999,126.190002,128.300003,107.473839,334286500
2011-06-24,128.270004,128.369995,126.620003,126.809998,106.225677,226129300
2011-06-27,126.889999,128.429993,126.639999,127.940002,107.172295,168904700
2011-06-28,128.449997,129.630005,128.270004,129.610001,108.571198,165556300
2011-06-29,130.199997,130.929993,129.630005,130.720001,109.501015,244295500
2011-06-30,131.139999,132.179993,130.710007,131.970001,110.548096,223322700
2011-07-01,132.089996,134.100006,131.779999,133.919998,112.181580,202385700
2011-07-05,133.779999,134.080002,133.389999,133.809998,112.089424,165936000
2011-07-06,133.490005,134.139999,133.110001,133.970001,112.223480,143331600
2011-07-07,135.160004,135.699997,134.880005,135.360001,113.387810,170464200
2011-07-08,133.830002,135.360001,133.389999,134.399994,112.583656,194100500
2011-07-11,132.750000,133.179993,131.660004,131.970001,110.548096,195918600
2011-07-12,131.690002,132.779999,131.360001,131.399994,110.070625,214675700
2011-07-13,132.089996,133.220001,131.520004,131.839996,110.439201,204062600
2011-07-14,132.169998,132.779999,130.679993,130.929993,109.676910,226111800
2011-07-15,131.660004,131.869995,130.770004,131.690002,110.313553,220012800
2011-07-18,131.080002,131.279999,129.630005,130.610001,109.408875,196872100
2011-07-19,131.339996,132.889999,131.309998,132.729996,111.184738,166554900
2011-07-20,133.070007,133.149994,132.419998,132.649994,111.117714,137145400
2011-07-21,133.399994,134.820007,132.669998,134.490005,112.659073,245246300
2011-07-22,134.520004,134.720001,133.759995,134.580002,112.734436,126019400
2011-07-25,133.300003,134.490005,133.160004,133.830002,112.106194,136653800
2011-07-26,133.740005,133.960007,133.029999,133.330002,111.687325,131278200
2011-07-27,132.589996,132.630005,130.429993,130.600006,109.400475,249020100
2011-07-28,130.600006,131.770004,130.009995,130.220001,109.082169,207939900
2011-07-29,128.910004,130.550003,127.970001,129.330002,108.336632,307038400
2011-08-01,130.839996,130.960007,127.529999,128.779999,107.875938,325790900
2011-08-02,127.809998,128.500000,125.489998,125.489998,105.119957,346653800
2011-08-03,125.660004,126.309998,123.529999,126.169998,105.689583,370830800
2011-08-04,124.419998,124.620003,120.059998,120.260002,100.738930,520721800
2011-08-05,121.760002,122.070000,116.860001,120.080002,100.588165,655619200
2011-08-08,116.910004,120.120003,112.019997,112.260002,94.037506,702263900
2011-08-09,114.070000,117.639999,110.269997,117.480003,98.410210,717828700
2011-08-10,115.260002,116.279999,111.949997,112.290001,94.062645,662607400
2011-08-11,113.260002,118.919998,112.320000,117.330002,98.284523,487979700
2011-08-12,118.400002,119.209999,117.279999,118.120003,98.946297,313731600
2011-08-15,119.190002,120.739998,119.000000,120.620003,101.040482,258810600
2011-08-16,119.470001,120.690002,118.309998,119.589996,100.177673,294095200
2011-08-17,120.250000,121.199997,118.720001,119.669998,100.244698,238201100
2011-08-18,116.500000,119.709999,113.389999,114.510002,95.922302,512956300
2011-08-19,112.959999,115.879997,112.500000,112.639999,94.355804,428281300
2011-08-22,115.169998,115.230003,112.410004,112.730003,94.431236,275090600
2011-08-23,113.150002,116.570000,112.580002,116.440002,97.538994,331136600
2011-08-24,116.190002,118.239998,115.919998,118.080002,98.912781,246869700
2011-08-25,118.730003,119.400002,115.870003,116.279999,97.404976,312365400
2011-08-26,115.690002,118.510002,113.849998,117.970001,98.820625,314495900
2011-08-29,119.559998,121.430000,118.059998,121.360001,101.660370,190977200
2011-08-30,120.830002,122.430000,119.260002,121.680000,101.928421,241315700
2011-08-31,122.459999,123.510002,121.300003,122.220001,102.380775,301828400
2011-09-01,122.290001,123.400002,120.779999,120.940002,101.308540,254585900
2011-09-02,118.419998,120.870003,117.430000,117.849998,98.720123,255517200
2011-09-06,114.389999,117.160004,114.379997,116.989998,97.999710,285130500
2011-09-07,118.760002,120.339996,118.360001,120.290001,100.764053,209803200
2011-09-08,119.570000,120.940002,118.769997,119.040001,99.716957,250568200
2011-09-09,117.680000,119.059998,115.279999,115.919998,97.103401,380195100
2011-09-12,114.470001,116.760002,114.050003,116.669998,97.731667,305793500
2011-09-13,117.050003,118.180000,116.220001,117.739998,98.627983,272514700
2011-09-14,118.339996,120.800003,116.720001,119.370003,99.993370,319389500
2011-09-15,120.650002,121.470001,119.400002,121.430000,101.719017,326777200
2011-09-16,121.290001,121.970001,120.320000,121.519997,102.321030,284528300
2011-09-19,119.529999,120.930000,118.720001,120.309998,101.302216,241517000
2011-09-20,120.820000,121.989998,120.010002,120.169998,101.184326,218932200
2011-09-21,120.230003,120.599998,116.440002,116.629997,98.203606,316251300
2011-09-22,113.250000,114.209999,111.300003,112.860001,95.029236,513911300
2011-09-23,112.110001,114.160004,112.019997,113.540001,95.601784,307242500
2011-09-26,114.610001,116.400002,112.980003,116.239998,97.875214,260673700
2011-09-27,118.529999,119.559998,116.839996,117.540001,98.969810,311753900
2011-09-28,117.779999,118.489998,114.970001,115.139999,96.949020,286696800
2011-09-29,117.050003,117.629997,113.930000,116.050003,97.715248,298108900
2011-09-30,114.449997,115.449997,113.070000,113.150002,95.273422,288392300
2011-10-03,112.489998,113.949997,109.809998,109.930000,92.562164,365136800
2011-10-04,108.349998,112.580002,107.430000,112.339996,94.591370,459177500
2011-10-05,112.620003,114.720001,111.580002,114.419998,96.342758,284108000
2011-10-06,114.360001,116.660004,113.510002,116.489998,98.085724,257800800
2011-10-07,117.169998,117.250000,115.059998,115.709999,97.428963,312657900
2011-10-10,117.680000,119.629997,117.669998,119.580002,100.687538,230666300
2011-10-11,118.870003,120.040001,118.750000,119.699997,100.788567,209088000
2011-10-12,120.599998,122.139999,120.330002,120.750000,101.672691,281544900
2011-10-13,120.040001,120.870003,119.120003,120.510002,101.470619,212538800
2011-10-14,121.910004,122.599998,121.230003,122.570000,103.205147,211397600
2011-10-17,121.989998,122.550003,119.930000,120.230003,101.234848,202311600
2011-10-18,120.139999,123.500000,119.199997,122.580002,103.213570,318857900
2011-10-19,122.379997,123.080002,120.709999,121.129997,101.992653,226601300
2011-10-20,121.430000,122.099998,119.820000,121.660004,102.438919,262075600
2011-10-21,123.089996,124.120003,122.720001,123.970001,104.383972,278999400
2011-10-24,124.169998,125.800003,124.059998,125.489998,105.663788,203215600
2011-10-25,124.889999,124.949997,122.779999,123.050003,103.609314,268596800
2011-10-26,124.349998,124.769997,122.209999,124.300003,104.661842,289053800
2011-10-27,127.629997,129.419998,126.610001,128.630005,108.307724,393220200
2011-10-28,128.000000,128.850006,127.800003,128.600006,108.282463,225906500
2011-10-31,127.160004,128.619995,125.320000,125.500000,105.672241,228146700
2011-11-01,122.029999,123.510002,121.519997,122.000000,102.725189,416565800
2011-11-02,123.830002,124.400002,122.790001,123.989998,104.400803,244717600
2011-11-03,125.269997,126.500000,123.599998,126.250000,106.303741,291174800
2011-11-04,125.230003,125.699997,124.010002,125.480003,105.655411,249401600
2011-11-07,125.389999,126.389999,124.199997,126.260002,106.312172,196617200
2011-11-08,126.919998,128.020004,125.709999,127.879997,107.676231,224426300
2011-11-09,124.889999,125.800003,122.860001,123.160004,103.701935,337982000
2011-11-10,124.790001,124.940002,123.019997,124.320000,104.678673,231866500
2011-11-11,125.830002,126.989998,125.790001,126.660004,106.648964,189924400
2011-11-14,126.190002,127.449997,124.919998,125.459999,105.638550,159258300
2011-11-15,125.169998,126.750000,124.720001,126.080002,106.160599,184709400
2011-11-16,124.809998,126.339996,123.900002,124.080002,104.476593,235782500
2011-11-17,123.849998,124.160004,121.230003,122.110001,102.817810,331219600
2011-11-18,122.500000,122.750000,121.470001,121.980003,102.708374,215580400
2011-11-21,120.199997,120.349998,118.650002,119.660004,100.754913,229611600
2011-11-22,119.400002,120.099998,118.519997,119.190002,100.359161,216494900
2011-11-23,118.070000,119.190002,116.559998,116.559998,98.144669,224329100
2011-11-25,116.379997,117.699997,116.199997,116.339996,97.959412,99557000
2011-11-28,119.540001,120.180000,118.820000,119.709999,100.796982,210686000
2011-11-29,120.050003,121.000000,119.610001,120.050003,101.083275,199241500
2011-11-30,123.489998,125.220001,120.000000,124.989998,105.242821,324439500
2011-12-01,124.849998,125.639999,124.430000,124.970001,105.225983,176954800
2011-12-02,126.120003,126.500000,124.779999,124.860001,105.133339,221109700
2011-12-05,126.839996,127.180000,125.440002,126.220001,106.278488,225263900
2011-12-06,126.209999,127.110001,125.760002,126.260002,106.312172,178842100
2011-12-07,125.839996,127.260002,124.970001,126.730003,106.707909,237802500
2011-12-08,125.900002,126.180000,123.650002,123.949997,104.367126,240862800
2011-12-09,124.510002,126.370003,124.400002,126.050003,106.135338,209111400
2011-12-12,124.949997,124.970001,123.160004,124.209999,104.586029,215826100
2011-12-13,124.860001,125.570000,122.449997,123.050003,103.609314,245159800
2011-12-14,122.559998,123.029999,121.470001,121.739998,102.506271,238618800
2011-12-15,123.029999,123.199997,121.989998,122.180000,102.876762,199109200
2011-12-16,122.230003,122.949997,121.300003,121.589996,103.029297,220481400
2011-12-19,122.059998,122.320000,120.029999,120.290001,101.927742,183903000
2011-12-20,122.180000,124.139999,120.370003,123.930000,105.012093,225418100
2011-12-21,123.930000,124.360001,122.750000,124.169998,105.215424,194230900
2011-12-22,124.629997,125.400002,124.230003,125.269997,106.147537,119465400
2011-12-23,125.669998,126.430000,125.410004,126.389999,107.096565,92187200
2011-12-27,126.169998,126.820000,126.059998,126.489998,107.181297,86075700
2011-12-28,126.510002,126.529999,124.730003,124.830002,105.774704,119107100
2011-12-29,125.239998,126.250000,124.860001,126.120003,106.867775,123507200
2011-12-30,126.019997,126.330002,125.500000,125.500000,106.342430,95599000
2012-01-03,127.760002,128.380005,127.430000,127.500000,108.037117,193697900
2012-01-04,127.199997,127.809998,126.709999,127.699997,108.206604,127186500
2012-01-05,127.010002,128.229996,126.430000,128.039993,108.494698,173895000
2012-01-06,128.199997,128.220001,127.290001,127.709999,108.215065,148050000
2012-01-09,128.000000,128.179993,127.410004,128.020004,108.477776,99530200
2012-01-10,129.389999,129.649994,128.949997,129.130005,109.418312,115282000
2012-01-11,128.729996,129.369995,128.520004,129.199997,109.477623,111540700
2012-01-12,129.570007,129.699997,128.539993,129.509995,109.740280,118983700
2012-01-13,128.639999,129.050003,127.720001,128.839996,109.172577,179836200
2012-01-17,130.080002,130.320007,128.899994,129.339996,109.596252,132209200
2012-01-18,129.309998,130.839996,129.080002,130.770004,110.807961,163395200
2012-01-19,131.220001,131.570007,130.800003,131.460007,111.392624,126328900
2012-01-20,131.240005,131.949997,130.919998,131.949997,111.807823,138230200
2012-01-23,131.509995,132.250000,130.979996,131.610001,111.519737,129295800
2012-01-24,130.800003,131.500000,130.600006,131.460007,111.392624,103083300
2012-01-25,131.259995,132.869995,130.750000,132.559998,112.324715,198613200
2012-01-26,133.149994,133.399994,131.360001,131.880005,111.748512,184880500
2012-01-27,131.240005,132.050003,131.149994,131.820007,111.697685,135259100
2012-01-30,130.509995,131.440002,130.059998,131.369995,111.316368,147311800
2012-01-31,132.020004,132.179993,130.679993,131.320007,111.274010,157212000
2012-02-01,132.289993,133.139999,132.130005,132.470001,112.248451,166234500
2012-02-02,132.729996,133.020004,132.210007,132.679993,112.426407,113090400
2012-02-03,134.000000,134.619995,133.770004,134.539993,114.002441,160598500
2012-02-06,133.979996,134.509995,133.830002,134.449997,113.926201,107694500
2012-02-07,134.169998,135.020004,133.639999,134.789993,114.214294,135528100
2012-02-08,134.860001,135.220001,134.309998,135.190002,114.553238,139361400
2012-02-09,135.410004,135.589996,134.559998,135.360001,114.697296,148602900
2012-02-10,134.160004,134.470001,133.839996,134.360001,113.849960,167907500
2012-02-13,135.320007,135.520004,134.740005,135.360001,114.697296,115841900
2012-02-14,135.000000,135.270004,134.250000,135.190002,114.553238,165329500
2012-02-15,135.630005,135.830002,134.289993,134.559998,114.019432,195195100
2012-02-16,134.570007,136.169998,134.330002,136.050003,115.281982,186567800
2012-02-17,136.520004,136.630005,135.960007,136.410004,115.587029,129869400
2012-02-21,136.729996,137.050003,136.050003,136.470001,115.637886,134042300
2012-02-22,136.259995,136.550003,135.789993,136.029999,115.265015,124455300
2012-02-23,135.960007,136.729996,135.500000,136.630005,115.773430,137704300
2012-02-24,136.929993,137.199997,136.630005,136.929993,116.027611,105539100
2012-02-27,136.020004,137.529999,135.800003,137.160004,116.222527,145728900
2012-02-28,137.199997,137.720001,136.929993,137.559998,116.561501,129355900
2012-02-29,137.759995,138.190002,136.539993,137.020004,116.103905,185934700
2012-03-01,137.309998,137.990005,136.929993,137.729996,116.705482,145023500
2012-03-02,137.639999,137.820007,137.000000,137.309998,116.349609,120638300
2012-03-05,137.100006,137.199997,136.279999,136.750000,115.875114,140765000
2012-03-06,135.350006,135.429993,134.360001,134.750000,114.180412,202129900
2012-03-07,135.059998,135.910004,134.929993,135.690002,114.976936,143692200
2012-03-08,136.520004,137.320007,136.240005,137.039993,116.120827,116968900
2012-03-09,137.300003,137.929993,137.130005,137.570007,116.569939,122836800
2012-03-12,137.550003,137.759995,137.089996,137.580002,116.578438,104003500
2012-03-13,138.320007,140.130005,138.089996,140.059998,118.679855,184090500
2012-03-14,140.100006,140.449997,139.479996,139.910004,118.552734,145163600
2012-03-15,140.119995,140.779999,139.759995,140.720001,119.239098,165118500
2012-03-16,140.360001,140.479996,140.000000,140.300003,119.404213,152893500
2012-03-19,140.210007,141.279999,140.110001,140.850006,119.872284,125291100
2012-03-20,140.050003,140.610001,139.639999,140.440002,119.523323,121729700
2012-03-21,140.520004,140.649994,139.919998,140.210007,119.327644,122388400
2012-03-22,139.179993,139.550003,138.740005,139.199997,118.468010,135216700
2012-03-23,139.320007,139.809998,138.550003,139.649994,118.851021,120521000
2012-03-26,140.649994,141.610001,140.600006,141.610001,120.519112,120164000
2012-03-27,141.740005,141.830002,141.080002,141.169998,120.144646,119868500
2012-03-28,141.100006,141.320007,139.639999,140.470001,119.548882,148562100
2012-03-29,139.639999,140.490005,139.089996,140.229996,119.344597,164963700
2012-03-30,140.919998,141.050003,140.050003,140.809998,119.838257,135486800
2012-04-02,140.639999,142.210007,140.360001,141.839996,120.714859,151741100
2012-04-03,141.639999,141.880005,140.429993,141.259995,120.221214,155806700
2012-04-04,140.220001,140.339996,139.339996,139.860001,119.029709,146896000
2012-04-05,139.380005,140.199997,139.259995,139.789993,118.970169,137439400
2012-04-09,138.029999,139.839996,137.839996,138.220001,117.634010,127555900
2012-04-10,137.949997,138.339996,135.759995,135.899994,115.659515,235360300
2012-04-11,137.289993,137.539993,136.750000,137.000000,116.595673,154133000
2012-04-12,137.130005,138.899994,137.029999,138.789993,118.119095,154321500
2012-04-13,138.470001,138.820007,137.009995,137.139999,116.714851,169246700
2012-04-16,137.839996,138.039993,136.580002,137.050003,116.638245,147825300
2012-04-17,137.839996,139.360001,137.699997,139.080002,118.365936,147877600
2012-04-18,138.460007,139.080002,138.380005,138.610001,117.965866,123884200
2012-04-19,138.630005,139.149994,137.070007,137.720001,117.208466,198666700
2012-04-20,138.330002,138.830002,137.869995,137.949997,117.404198,143199600
2012-04-23,136.539993,136.910004,135.940002,136.789993,116.416977,171844900
2012-04-24,136.910004,137.660004,136.800003,137.309998,116.859497,137484200
2012-04-25,138.649994,139.250000,138.529999,139.190002,118.459534,150252200
2012-04-26,138.889999,140.320007,138.809998,140.160004,119.285072,136291600
2012-04-27,140.580002,140.789993,139.800003,140.389999,119.480812,130725000
2012-04-30,140.110001,140.210007,139.490005,139.869995,119.038254,115092200
2012-05-01,139.789993,141.660004,139.630005,140.740005,119.778664,138832200
2012-05-02,139.919998,140.460007,139.460007,140.320007,119.421219,121081000
2012-05-03,140.339996,140.449997,138.990005,139.250000,118.510574,143759700
2012-05-04,138.520004,139.300003,136.919998,137.000000,116.595673,193927300
2012-05-07,136.509995,137.559998,136.460007,137.100006,116.680817,127765900
2012-05-08,136.279999,136.770004,134.919998,136.550003,116.212700,213377700
2012-05-09,135.100006,136.610001,134.490005,135.740005,115.523369,220752500
2012-05-10,136.679993,136.850006,135.710007,136.020004,115.761673,150600000
2012-05-11,135.169998,136.869995,135.110001,135.610001,115.412697,153032400
2012-05-14,134.309998,135.610001,133.910004,134.110001,114.136116,163910000
2012-05-15,134.020004,134.809998,133.130005,133.339996,113.480797,207629300
2012-05-16,133.940002,134.550003,132.800003,132.830002,113.046768,207265500
2012-05-17,132.860001,133.020004,130.789993,130.860001,111.370163,247992900
2012-05-18,131.369995,131.600006,129.550003,129.740005,110.416977,319615900
2012-05-21,130.160004,132.020004,129.949997,131.970001,112.314842,177861100
2012-05-22,132.309998,133.229996,131.339996,132.199997,112.510582,197531200
2012-05-23,131.250000,132.460007,129.990005,132.270004,112.570198,204958400
2012-05-24,132.630005,132.839996,131.419998,132.529999,112.791443,167357600
2012-05-25,132.479996,132.850006,131.779999,132.100006,112.425507,135465600
2012-05-29,133.160004,133.929993,131.169998,133.699997,113.787186,152883500
2012-05-30,132.559998,133.690002,131.490005,131.759995,112.136124,162370400
2012-05-31,131.710007,132.449997,130.339996,131.470001,111.889320,196186000
2012-06-01,129.410004,131.500000,128.160004,128.160004,109.072281,253240900
2012-06-04,128.389999,128.740005,127.139999,128.100006,109.021233,202545800
2012-06-05,127.849998,129.259995,127.779999,129.070007,109.846779,164149400
2012-06-06,129.970001,132.029999,129.929993,131.970001,112.314842,184202800
2012-06-07,133.470001,133.529999,131.779999,132.050003,112.382935,184772700
2012-06-08,131.710007,133.130005,131.289993,133.100006,113.276543,143915400
2012-06-11,134.169998,134.250000,131.279999,131.410004,111.838226,169756100
2012-06-12,131.789993,133.009995,131.160004,132.919998,113.123383,181931800
2012-06-13,132.529999,133.360001,131.619995,132.070007,112.399963,172223900
2012-06-14,132.339996,134.000000,131.979996,133.470001,113.591438,230615500
2012-06-15,133.380005,134.259995,133.100006,134.139999,114.753166,169444500
2012-06-18,133.580002,134.729996,133.279999,134.399994,114.975594,131360900
2012-06-19,135.080002,136.250000,134.369995,135.699997,116.087715,137382600
2012-06-20,135.710007,136.100006,134.270004,135.479996,115.899506,206451800
2012-06-21,135.639999,135.779999,132.330002,132.440002,113.298874,205272200
2012-06-22,133.130005,133.710007,132.619995,133.460007,114.171410,130029200
2012-06-25,132.050003,132.100006,130.850006,131.320007,112.340759,146375700
2012-06-26,131.699997,132.380005,130.929993,131.979996,112.905334,141634000
2012-06-27,132.419998,133.429993,131.970001,133.169998,113.923378,108088000
2012-06-28,132.289993,132.990005,131.279999,132.789993,113.598289,169242100
2012-06-29,135.199997,136.270004,134.850006,136.100006,116.429924,212250900
2012-07-02,136.479996,136.649994,135.520004,136.509995,116.780663,129524500
2012-07-03,136.479996,137.509995,136.339996,137.410004,117.550568,80450000
2012-07-05,136.899994,137.800003,136.289993,136.789993,117.020164,126177500
2012-07-06,135.470001,135.770004,134.850006,135.490005,115.908096,151192100
2012-07-09,135.380005,135.570007,134.699997,135.320007,115.762634,103780500
2012-07-10,136.009995,136.229996,133.679993,134.139999,114.753166,167884800
2012-07-11,134.210007,134.600006,133.380005,134.160004,114.770279,141733400
2012-07-12,133.380005,134.229996,132.600006,133.509995,114.214226,143583200
2012-07-13,133.860001,135.889999,133.839996,135.750000,116.130478,129642600
2012-07-16,135.440002,135.830002,134.899994,135.429993,115.856728,97525200
2012-07-17,135.970001,136.639999,134.550003,136.360001,116.652306,138860300
2012-07-18,136.039993,137.639999,135.960007,137.369995,117.516365,113349700
2012-07-19,137.649994,138.179993,137.210007,137.729996,117.824364,129847300
2012-07-20,136.949997,137.160004,136.320007,136.470001,116.746422,142904500
2012-07-23,134.470001,136.380005,133.839996,135.089996,115.565903,145210900
2012-07-24,135.190002,135.250000,133.029999,133.929993,114.573517,173301200
2012-07-25,134.210007,134.559998,133.250000,133.960007,114.599205,129122300
2012-07-26,135.889999,136.460007,135.259995,136.169998,116.489746,156526500
2012-07-27,136.889999,139.070007,136.139999,138.679993,118.637009,236768900
2012-07-30,138.520004,139.339996,138.270004,138.679993,118.637009,106782000
2012-07-31,138.490005,138.869995,137.710007,137.710007,117.807190,120575900
2012-08-01,138.699997,138.729996,137.399994,137.589996,117.704544,138293800
2012-08-02,136.550003,137.570007,135.580002,136.639999,116.891846,199556600
2012-08-03,138.559998,139.639999,136.679993,139.350006,119.210197,157825000
2012-08-06,139.720001,140.169998,139.559998,139.619995,119.441185,86326200
2012-08-07,140.179993,140.919998,140.029999,140.320007,120.039993,109545100
2012-08-08,139.850006,140.649994,139.809998,140.490005,120.185410,89754700
2012-08-09,140.289993,140.889999,140.149994,140.610001,120.288124,90291700
2012-08-10,140.039993,140.889999,139.809998,140.839996,120.484863,99792700
2012-08-13,140.600006,140.839996,140.039993,140.770004,120.424957,79426900
2012-08-14,141.289993,141.380005,140.369995,140.789993,120.442055,102379400
2012-08-15,140.639999,141.190002,140.550003,140.949997,120.578941,71085900
2012-08-16,141.149994,142.160004,140.800003,141.990005,121.468636,112014200
2012-08-17,142.229996,142.300003,141.860001,142.179993,121.631142,90813700
2012-08-20,141.979996,142.220001,141.589996,142.190002,121.639725,78255700
2012-08-21,142.539993,143.089996,141.449997,141.759995,121.271873,105581100
2012-08-22,141.399994,142.050003,141.070007,141.820007,121.323227,133243500
2012-08-23,141.470001,141.479996,140.440002,140.660004,120.330856,111466400
2012-08-24,140.309998,141.830002,140.220001,141.509995,121.058014,99481200
2012-08-27,141.889999,142.080002,141.339996,141.539993,121.083687,68785900
2012-08-28,141.179993,141.839996,140.970001,141.399994,120.963867,75689600
2012-08-29,141.520004,141.889999,141.119995,141.509995,121.058014,65421300
2012-08-30,140.899994,140.940002,140.190002,140.490005,120.185410,96589900
2012-08-31,141.289993,141.820007,140.360001,141.160004,120.758591,151970400
2012-09-04,141.039993,141.460007,140.130005,141.029999,120.647377,120226200
2012-09-05,141.089996,141.470001,140.630005,140.910004,120.544731,100660300
2012-09-06,141.759995,143.779999,141.750000,143.770004,122.991364,158272500
2012-09-07,144.009995,144.389999,143.880005,144.330002,123.470428,107272100
2012-09-10,144.190002,144.440002,143.460007,143.509995,122.768982,86458500
2012-09-11,143.600006,144.369995,143.559998,143.910004,123.111168,88760000
2012-09-12,144.389999,144.550003,143.899994,144.389999,123.521744,87640900
2012-09-13,144.369995,147.039993,143.990005,146.589996,125.403839,225470200
2012-09-14,146.880005,148.110001,146.759995,147.240005,125.959869,169777000
2012-09-17,146.940002,147.190002,146.369995,146.740005,125.532150,119427800
2012-09-18,146.490005,146.809998,146.250000,146.619995,125.429436,98326600
2012-09-19,146.789993,147.169998,146.410004,146.699997,125.497948,128318300
2012-09-20,146.029999,146.789993,145.630005,146.710007,125.506516,154009800
2012-09-21,146.639999,146.669998,145.809998,145.869995,125.453979,108737500
2012-09-24,145.149994,145.979996,145.039993,145.649994,125.264832,95682000
2012-09-25,145.960007,146.240005,144.059998,144.100006,123.931755,133165200
2012-09-26,144.070007,144.110001,142.949997,143.289993,123.235085,146502200
2012-09-27,143.889999,144.970001,143.509995,144.639999,124.396141,111830300
2012-09-28,144.089996,144.559998,143.460007,143.970001,123.819916,150696100
2012-10-01,144.520004,145.690002,144.009995,144.350006,124.146782,135911200
2012-10-02,144.919998,145.149994,143.830002,144.500000,124.275757,113422200
2012-10-03,144.889999,145.429993,144.130005,145.089996,124.783180,121283100
2012-10-04,145.639999,146.339996,145.440002,146.130005,125.677635,124311600
2012-10-05,146.910004,147.160004,145.699997,146.139999,125.686249,124842100
2012-10-08,145.600006,146.119995,145.309998,145.639999,125.256218,78415400
2012-10-09,145.529999,145.649994,144.149994,144.199997,124.017746,148872900
2012-10-10,144.179993,144.320007,143.089996,143.279999,123.226494,124247500
2012-10-11,144.279999,144.490005,143.330002,143.360001,123.295349,123601500
2012-10-12,143.460007,143.949997,142.580002,142.889999,122.891113,124181900
2012-10-15,143.229996,144.229996,142.770004,144.080002,123.914513,107689100
2012-10-16,144.759995,145.639999,144.660004,145.539993,125.170197,108815500
2012-10-17,145.639999,146.320007,145.419998,146.199997,125.737823,128834100
2012-10-18,145.820007,146.520004,145.330002,145.820007,125.410980,148108500
2012-10-19,145.550003,145.559998,143.050003,143.389999,123.321144,185645200
2012-10-22,143.149994,143.669998,142.279999,143.410004,123.338310,125578600
2012-10-23,141.860001,142.059998,140.830002,141.419998,121.626854,192056300
2012-10-24,141.929993,142.100006,140.800003,141.020004,121.282829,120179400
2012-10-25,142.020004,142.279999,140.570007,141.429993,121.635384,134457400
2012-10-26,141.300003,141.839996,140.389999,141.350006,121.566643,146023500
2012-10-31,141.850006,142.029999,140.679993,141.350006,121.566643,103438500
2012-11-01,141.649994,143.009995,141.520004,142.830002,122.839508,100995600
2012-11-02,143.679993,143.720001,141.410004,141.559998,121.747238,137702200
2012-11-05,141.350006,142.169998,140.929993,141.850006,121.996651,98378500
2012-11-06,142.279999,143.520004,142.130005,142.960007,122.951324,107068100
2012-11-07,141.660004,141.679993,139.059998,139.720001,120.164757,264304500
2012-11-08,139.699997,140.410004,137.929993,138.039993,118.719872,181517300
2012-11-09,137.619995,139.440002,137.550003,138.160004,118.823105,201055300
2012-11-12,138.589996,138.809998,137.960007,138.270004,118.917709,97677500
2012-11-13,137.539993,139.250000,137.360001,137.789993,118.504883,123018300
2012-11-14,138.210007,138.429993,135.619995,135.929993,116.905212,191505000
2012-11-15,135.979996,136.490005,135.179993,135.699997,116.707405,178128400
2012-11-16,135.899994,136.639999,134.699997,136.369995,117.283646,239483900
2012-11-19,137.899994,139.149994,136.410004,139.130005,119.657333,151495800
2012-11-20,138.910004,139.419998,138.080002,139.190002,119.708961,119807400
2012-11-21,139.309998,139.570007,139.029999,139.449997,119.932556,81710800
2012-11-23,140.130005,141.399994,140.039993,141.350006,121.566643,65409200
2012-11-26,140.649994,141.360001,140.190002,141.050003,121.308624,100124400
2012-11-27,140.910004,141.389999,140.240005,140.330002,120.689423,128646200
2012-11-28,139.759995,141.539993,139.000000,141.460007,121.661263,177086500
2012-11-29,141.990005,142.509995,141.369995,142.119995,122.228859,151085900
2012-11-30,142.139999,142.419998,141.660004,142.149994,122.254662,136568300
2012-12-03,142.800003,142.919998,141.339996,141.449997,121.652657,124656300
2012-12-04,141.440002,141.869995,140.869995,141.250000,121.480606,127512200
2012-12-05,141.369995,142.160004,140.369995,141.500000,121.695625,147300500
2012-12-06,141.369995,142.039993,141.160004,141.979996,122.108459,103220600
2012-12-07,142.529999,142.690002,141.669998,142.410004,122.478271,108726400
2012-12-10,142.210007,142.809998,142.149994,142.470001,122.529892,98840700
2012-12-11,143.059998,144.110001,142.990005,143.440002,123.364098,152570400
2012-12-12,144.000000,144.550003,143.309998,143.509995,123.424339,145880100
2012-12-13,143.419998,143.830002,142.270004,142.630005,122.667458,135715000
2012-12-14,142.320007,142.580002,141.880005,142.100006,122.211670,137701700
2012-12-17,142.470001,143.850006,142.429993,143.770004,123.647919,143238200
2012-12-18,144.000000,145.500000,143.789993,145.369995,125.023941,177762800
2012-12-19,145.529999,145.580002,144.240005,144.289993,124.095169,150895400
2012-12-20,144.380005,145.139999,143.979996,145.119995,124.808960,168487000
2012-12-21,142.169998,144.089996,141.940002,142.789993,123.676033,245883800
2012-12-24,142.479996,142.559998,142.190002,142.350006,123.294991,53874600
2012-12-26,142.639999,142.710007,141.350006,141.750000,122.775291,106947700
2012-12-27,141.789993,142.080002,139.919998,141.559998,122.610710,167920600
2012-12-28,140.639999,141.419998,139.869995,140.029999,121.285530,148806700
2012-12-31,139.660004,142.559998,139.539993,142.410004,123.346947,243935200
2013-01-02,145.110001,146.149994,144.729996,146.059998,126.508362,192059000
2013-01-03,145.990005,146.369995,145.339996,145.729996,126.222488,144761800
2013-01-04,145.970001,146.610001,145.669998,146.369995,126.776825,116817700
2013-01-07,145.850006,146.110001,145.429993,145.970001,126.430382,110002500
2013-01-08,145.710007,145.910004,144.979996,145.550003,126.066605,121265100
2013-01-09,145.869995,146.320007,145.639999,145.919998,126.387062,90745600
2013-01-10,146.729996,147.089996,145.970001,147.080002,127.391830,130735400
2013-01-11,147.039993,147.149994,146.610001,147.070007,127.383171,113917300
2013-01-14,146.889999,147.070007,146.429993,146.970001,127.296539,89567200
2013-01-15,146.289993,147.210007,146.199997,147.070007,127.383171,93172600
2013-01-16,146.770004,147.279999,146.610001,147.050003,127.365791,104849500
2013-01-17,147.699997,148.419998,147.149994,148.000000,128.188644,133833500
2013-01-18,147.970001,148.490005,147.429993,148.330002,128.474503,169906000
2013-01-22,148.330002,149.130005,147.979996,149.130005,129.167374,111797300
2013-01-23,149.130005,149.500000,148.860001,149.369995,129.375275,104596100
2013-01-24,149.149994,150.139999,149.009995,149.410004,129.409943,146426400
2013-01-25,149.880005,150.250000,149.369995,150.250000,130.137466,147211600
2013-01-28,150.289993,150.330002,149.509995,150.070007,129.981552,113357700
2013-01-29,149.770004,150.850006,149.669998,150.660004,130.492569,105694400
2013-01-30,150.639999,150.940002,149.929993,150.070007,129.981552,137447700
2013-01-31,149.889999,150.380005,149.600006,149.699997,129.661102,108975800
2013-02-01,150.649994,151.419998,150.389999,151.240005,130.994965,131173000
2013-02-04,150.320007,151.270004,149.429993,149.539993,129.522537,159073600
2013-02-05,150.350006,151.479996,150.289993,151.050003,130.830368,113912400
2013-02-06,150.520004,151.259995,150.410004,151.160004,130.925659,138762800
2013-02-07,151.210007,151.350006,149.860001,150.960007,130.752487,162490000
2013-02-08,151.220001,151.889999,151.220001,151.800003,131.479996,103133700
2013-02-11,151.740005,151.899994,151.389999,151.770004,131.453979,73775000
2013-02-12,151.779999,152.300003,151.610001,152.020004,131.670517,65392700
2013-02-13,152.330002,152.610001,151.720001,152.149994,131.783127,82322600
2013-02-14,151.690002,152.470001,151.520004,152.289993,131.904404,80834300
2013-02-15,152.429993,152.589996,151.550003,152.110001,131.748489,215226500
2013-02-19,152.369995,153.279999,152.160004,153.250000,132.735870,95105400
2013-02-20,153.139999,153.190002,151.259995,151.339996,131.081558,160574800
2013-02-21,150.960007,151.419998,149.940002,150.419998,130.284698,183257000
2013-02-22,151.149994,151.889999,150.490005,151.889999,131.557983,106356600
2013-02-25,152.630005,152.860001,149.000000,149.000000,129.054825,245824800
2013-02-26,149.720001,150.199997,148.729996,150.020004,129.938248,186596200
2013-02-27,149.889999,152.330002,149.759995,151.910004,131.575287,150781900
2013-02-28,151.899994,152.869995,151.410004,151.610001,131.315414,126866000
2013-03-01,151.089996,152.339996,150.410004,152.110001,131.748489,170634800
2013-03-04,151.759995,152.919998,151.520004,152.919998,132.450043,99010200
2013-03-05,153.660004,154.699997,153.639999,154.289993,133.636658,121431900
2013-03-06,154.839996,154.919998,154.160004,154.500000,133.818558,94469900
2013-03-07,154.699997,154.979996,154.520004,154.779999,134.061111,86101400
2013-03-08,155.460007,155.649994,154.660004,155.440002,134.632782,123477800
2013-03-11,155.320007,156.039993,155.130005,156.029999,135.143753,83746800
2013-03-12,155.919998,156.100006,155.210007,155.679993,134.840622,105755800
2013-03-13,155.759995,156.119995,155.229996,155.899994,135.031174,92550900
2013-03-14,156.309998,156.800003,155.910004,156.729996,135.750046,126329900
2013-03-15,155.850006,156.039993,155.309998,155.830002,135.570831,138601100
2013-03-18,154.339996,155.639999,154.199997,154.970001,134.822647,126704300
2013-03-19,155.300003,155.509995,153.589996,154.610001,134.509445,167567300
2013-03-20,155.520004,155.949997,155.259995,155.690002,135.449020,113759300
2013-03-21,154.759995,155.639999,154.100006,154.360001,134.291901,128605000
2013-03-22,154.850006,155.600006,154.729996,155.600006,135.370712,111163600
2013-03-25,156.009995,156.270004,154.350006,154.949997,134.805222,151322300
2013-03-26,155.589996,156.229996,155.419998,156.190002,135.884018,86856600
2013-03-27,155.259995,156.240005,155.000000,156.190002,135.884018,99950600
2013-03-28,156.089996,156.850006,155.750000,156.669998,136.301620,102932800
2013-04-01,156.589996,156.910004,155.669998,156.050003,135.762268,99194100
2013-04-02,156.610001,157.210007,156.369995,156.820007,136.432129,101504300
2013-04-03,156.910004,157.029999,154.820007,155.229996,135.048859,154167400
2013-04-04,155.429993,156.169998,155.089996,155.860001,135.596954,131885000
2013-04-05,153.949997,155.350006,153.770004,155.160004,134.987915,159666000
2013-04-08,155.270004,156.220001,154.750000,156.210007,135.901459,86571200
2013-04-09,156.500000,157.320007,155.979996,156.750000,136.371216,101922200
2013-04-10,157.169998,158.869995,157.130005,158.669998,138.041595,135711100
2013-04-11,158.699997,159.710007,158.539993,159.190002,138.494003,110142500
2013-04-12,158.679993,159.039993,157.919998,158.800003,138.154709,116359900
2013-04-15,158.000000,158.130005,155.100006,155.119995,134.953125,217259000
2013-04-16,156.289993,157.490005,155.910004,157.410004,136.945435,147507800
2013-04-17,156.289993,156.320007,154.279999,155.110001,134.944458,226834800
2013-04-18,155.369995,155.410004,153.550003,154.139999,134.100510,167583200
2013-04-19,154.500000,155.550003,154.119995,155.479996,135.266342,149687600
2013-04-22,155.779999,156.539993,154.750000,156.169998,135.866684,106553500
2013-04-23,156.949997,157.929993,156.169998,157.779999,137.267334,166141300
2013-04-24,157.830002,158.300003,157.539993,157.880005,137.354309,96781200
2013-04-25,158.339996,159.270004,158.100006,158.520004,137.911118,131060600
2013-04-26,158.330002,158.600006,157.729996,158.240005,137.667496,95918800
2013-04-29,158.669998,159.649994,158.419998,159.300003,138.589676,88572800
2013-04-30,159.270004,159.720001,158.610001,159.679993,138.920319,116010700
2013-05-01,159.330002,159.410004,158.100006,158.279999,137.702332,138874200
2013-05-02,158.679993,159.889999,158.529999,159.750000,138.981232,96407600
2013-05-03,161.139999,161.880005,159.779999,161.369995,140.390564,144202300
2013-05-06,161.490005,162.009995,161.419998,161.779999,140.747238,66882100
2013-05-07,162.130005,162.649994,161.669998,162.600006,141.460709,90359200
2013-05-08,162.419998,163.389999,162.330002,163.339996,142.104507,97419200
2013-05-09,163.270004,163.699997,162.470001,162.880005,141.704315,106738600
2013-05-10,162.990005,163.550003,162.509995,163.410004,142.165390,103203000
2013-05-13,163.199997,163.809998,162.820007,163.539993,142.278503,81843200
2013-05-14,163.669998,165.350006,163.669998,165.229996,143.748764,119000900
2013-05-15,164.960007,166.449997,164.910004,166.119995,144.523026,120718500
2013-05-16,165.779999,166.360001,165.089996,165.339996,143.844452,109913600
2013-05-17,165.949997,167.039993,165.729996,166.940002,145.236450,129801000
2013-05-20,166.779999,167.580002,166.610001,166.929993,145.227753,85071200
2013-05-21,167.080002,167.800003,166.500000,167.169998,145.436539,95804200
2013-05-22,167.339996,169.070007,165.169998,165.929993,144.357773,244031800
2013-05-23,164.160004,165.910004,163.940002,165.449997,143.940170,211064400
2013-05-24,164.470001,165.380005,163.979996,165.309998,143.818329,151573900
2013-05-28,167.039993,167.779999,165.809998,166.300003,144.679657,143679800
2013-05-29,165.419998,165.800003,164.339996,165.220001,143.740051,160363400
2013-05-30,165.350006,166.589996,165.220001,165.830002,144.270767,107793800
2013-05-31,165.369995,166.309998,163.130005,163.449997,142.200165,176850100
2013-06-03,163.830002,164.460007,162.660004,164.350006,142.983170,168390700
2013-06-04,164.440002,165.100006,162.729996,163.559998,142.295868,157631500
2013-06-05,163.089996,163.419998,161.130005,161.270004,140.303604,211737800
2013-06-06,161.199997,162.740005,160.250000,162.729996,141.573746,200225500
2013-06-07,163.850006,164.949997,163.139999,164.800003,143.374649,188337800
2013-06-10,165.309998,165.399994,164.369995,164.800003,143.374649,105667100
2013-06-11,163.300003,164.539993,162.740005,163.100006,141.895676,159505400
2013-06-12,164.220001,164.389999,161.600006,161.750000,140.721176,177361500
2013-06-13,161.660004,164.500000,161.300003,164.210007,142.861359,163587800
2013-06-14,164.029999,164.669998,162.910004,163.179993,141.965225,141197500
2013-06-17,164.289993,165.220001,163.220001,164.440002,143.061478,136295600
2013-06-18,164.529999,165.990005,164.520004,165.740005,144.192474,114695600
2013-06-19,165.600006,165.889999,163.380005,163.449997,142.200165,206149500
2013-06-20,161.860001,163.470001,158.979996,159.399994,138.676697,321255900
2013-06-21,159.639999,159.759995,157.470001,159.070007,139.121872,271956800
2013-06-24,157.410004,158.429993,155.729996,157.059998,137.363953,222329000
2013-06-25,158.479996,160.100006,157.419998,158.570007,138.684570,162262200
2013-06-26,159.869995,160.500000,159.250000,160.139999,140.057693,134848000
2013-06-27,161.100006,161.820007,160.949997,161.080002,140.879807,129483700
2013-06-28,160.630005,161.399994,159.860001,160.419998,140.302551,160402900
2013-07-01,161.259995,162.479996,161.080002,161.360001,141.124710,131954800
2013-07-02,161.119995,162.300003,160.500000,161.210007,140.993515,154863700
2013-07-03,160.479996,161.770004,160.220001,161.279999,141.054718,75216400
2013-07-05,162.470001,163.080002,161.300003,163.020004,142.576523,122416900
2013-07-08,163.860001,164.389999,163.080002,163.949997,143.389923,108092500
2013-07-09,164.979996,165.330002,164.270004,165.130005,144.421936,119298000
2013-07-10,164.970001,165.750000,164.630005,165.190002,144.474380,121410100
2013-07-11,167.110001,167.610001,165.179993,167.440002,146.442291,135592200
2013-07-12,167.389999,167.929993,167.130005,167.509995,146.503418,104212700
2013-07-15,167.970001,168.389999,167.679993,168.149994,147.063202,69450600
2013-07-16,168.259995,168.360001,167.070007,167.520004,146.512207,88702100
2013-07-17,168.160004,168.479996,167.729996,167.949997,146.888321,92873900
2013-07-18,168.309998,169.270004,168.199997,168.869995,147.692902,103620100
2013-07-19,168.520004,169.229996,168.309998,169.169998,147.955307,103831700
2013-07-22,169.410004,169.740005,169.009995,169.500000,148.243927,79428600
2013-07-23,169.800003,169.830002,169.050003,169.139999,147.929047,80829700
2013-07-24,169.789993,169.860001,168.179993,168.520004,147.386841,112914000
2013-07-25,168.220001,169.080002,167.940002,168.929993,147.745392,111088600
2013-07-26,168.220001,169.160004,167.520004,169.110001,147.902832,107814600
2013-07-29,168.679993,169.059998,168.110001,168.589996,147.448029,79695000
2013-07-30,169.100006,169.279999,168.190002,168.589996,147.448029,85209600
2013-07-31,168.940002,169.850006,168.490005,168.710007,147.553009,142388700
2013-08-01,169.990005,170.809998,169.899994,170.660004,149.258453,110438400
2013-08-02,170.279999,170.970001,170.050003,170.949997,149.512039,91116700
2013-08-05,170.570007,170.960007,170.350006,170.699997,149.293396,54072700
2013-08-06,170.369995,170.740005,169.350006,169.729996,148.445099,87495000
2013-08-07,169.190002,169.429993,168.550003,169.179993,147.964020,84854700
2013-08-08,169.979996,170.179993,168.929993,169.800003,148.506287,102181300
2013-08-09,169.580002,170.100006,168.720001,169.309998,148.077774,91757700
2013-08-12,168.460007,169.309998,168.380005,169.110001,147.902832,68593300
2013-08-13,169.410004,169.899994,168.410004,169.610001,148.340103,80806000
2013-08-14,169.529999,169.800003,168.699997,168.740005,147.579193,79829200
2013-08-15,167.410004,167.429993,166.089996,166.380005,145.515198,152931800
2013-08-16,166.059998,166.630005,165.500000,165.830002,145.034180,130868200
2013-08-19,165.639999,166.210007,164.759995,164.770004,144.107071,96437600
2013-08-20,165.039993,166.199997,164.860001,165.580002,144.815506,89294400
2013-08-21,165.119995,166.029999,164.190002,164.559998,143.923401,159530500
2013-08-22,164.899994,166.300003,164.889999,166.059998,145.235260,101471400
2013-08-23,166.550003,166.830002,165.770004,166.619995,145.725052,90888900
2013-08-26,166.789993,167.300003,165.889999,166.000000,145.182831,89702100
2013-08-27,164.360001,166.000000,163.210007,163.330002,142.847687,158619400
2013-08-28,163.259995,164.490005,163.050003,163.910004,143.354904,108113000
2013-08-29,163.550003,165.039993,163.399994,164.169998,143.582321,119200500
2013-08-30,164.509995,164.529999,163.169998,163.649994,143.127518,134928900
2013-09-03,165.229996,165.580002,163.699997,164.389999,143.774750,142375100
2013-09-04,164.429993,166.029999,164.130005,165.750000,144.964172,97389400
2013-09-05,165.850006,166.399994,165.729996,165.960007,145.147858,63090500
2013-09-06,166.509995,166.979996,164.479996,166.039993,145.217834,159756500
2013-09-09,166.449997,167.729996,166.449997,167.630005,146.608429,87559300
2013-09-10,168.639999,168.899994,168.259995,168.869995,147.692902,105847200
2013-09-11,168.639999,169.399994,168.350006,169.399994,148.156433,94545900
2013-09-12,169.339996,169.559998,168.720001,168.949997,147.762909,83209000
2013-09-13,169.130005,169.460007,168.740005,169.330002,148.095215,72727800
2013-09-16,171.160004,171.240005,170.039993,170.309998,148.952316,106299200
2013-09-17,170.460007,171.110001,170.460007,171.070007,149.617065,82523300
2013-09-18,171.009995,173.520004,170.580002,173.050003,151.348709,203460600
2013-09-19,173.520004,173.600006,172.589996,172.759995,151.095062,146616900
2013-09-20,172.330002,172.330002,170.580002,170.720001,150.038681,132867100
2013-09-23,170.490005,170.649994,169.389999,169.929993,149.344406,104616500
2013-09-24,169.899994,170.529999,169.210007,169.529999,148.992859,106333100
2013-09-25,169.639999,169.979996,168.889999,169.039993,148.562210,117306500
2013-09-26,169.320007,170.169998,169.050003,169.690002,149.133484,77146900
2013-09-27,168.839996,169.139999,168.470001,168.910004,148.447952,99141800
2013-09-30,167.479996,168.539993,167.149994,168.009995,147.656982,143937000
2013-10-01,168.139999,169.500000,167.970001,169.339996,148.825897,127160000
2013-10-02,168.350006,169.339996,167.830002,169.179993,148.685242,113350000
2013-10-03,168.789993,168.940002,166.839996,167.619995,147.314224,176698000
2013-10-04,167.750000,169.059998,167.529999,168.889999,148.430435,96878000
2013-10-07,167.419998,168.449997,167.250000,167.429993,147.147247,96295000
2013-10-08,167.399994,167.619995,165.360001,165.479996,145.433502,178015000
2013-10-09,165.800003,166.199997,164.529999,165.600006,145.538986,168973000
2013-10-10,167.289993,169.259995,167.229996,169.169998,148.676483,195955000
2013-10-11,168.910004,170.320007,168.770004,170.259995,149.634430,105040000
2013-10-14,169.210007,171.080002,169.080002,170.940002,150.232056,112106000
2013-10-15,170.509995,171.149994,169.470001,169.699997,149.142303,155485000
2013-10-16,170.720001,172.160004,170.639999,172.070007,151.225174,161676000
2013-10-17,171.369995,173.320007,171.339996,173.220001,152.235840,129389000
2013-10-18,173.860001,174.509995,173.509995,174.389999,153.264099,138316000
2013-10-21,174.449997,174.750000,174.009995,174.399994,153.272888,104104000
2013-10-22,174.910004,175.929993,174.429993,175.410004,154.160568,126663000
2013-10-23,174.809998,174.889999,173.960007,174.570007,153.422318,105484000
2013-10-24,174.919998,175.369995,174.509995,175.149994,153.932068,70350000
2013-10-25,175.509995,176.000000,175.169998,175.949997,154.635147,93625000
2013-10-28,175.889999,176.470001,175.699997,176.229996,154.881195,84979000
2013-10-29,176.630005,177.240005,176.380005,177.169998,155.707336,87401000
2013-10-30,177.380005,177.509995,175.660004,176.289993,154.933975,140002000
2013-10-31,176.149994,176.889999,175.529999,175.789993,154.494461,133795000
2013-11-01,176.020004,176.610001,175.220001,176.210007,154.863678,142805000
2013-11-04,176.690002,176.899994,175.979996,176.830002,155.408539,85677000
2013-11-05,176.139999,176.750000,175.570007,176.270004,154.916351,85825000
2013-11-06,177.029999,177.500000,176.539993,177.169998,155.707336,87348000
2013-11-07,177.500000,177.639999,174.759995,174.929993,153.738663,157000000
2013-11-08,174.869995,177.309998,174.850006,177.289993,155.812805,136713000
2013-11-11,177.119995,177.529999,176.910004,177.320007,155.839188,62614000
2013-11-12,176.940002,177.360001,176.369995,176.960007,155.522797,83990000
2013-11-13,176.089996,178.429993,176.089996,178.380005,156.770767,103844000
2013-11-14,178.539993,179.419998,178.250000,179.270004,157.552994,103435000
2013-11-15,179.559998,180.119995,179.330002,180.050003,158.238495,102818000
2013-11-18,180.350006,180.500000,179.020004,179.419998,157.684784,104796000
2013-11-19,179.330002,179.869995,178.720001,179.029999,157.342010,93891000
2013-11-20,179.389999,179.929993,177.979996,178.470001,156.849854,124909000
2013-11-21,178.970001,180.050003,178.860001,179.910004,158.115433,92841000
2013-11-22,179.979996,180.830002,179.770004,180.809998,158.906387,81296000
2013-11-25,181.130005,181.169998,180.369995,180.630005,158.748184,79486000
2013-11-26,180.720001,181.220001,180.410004,180.679993,158.792130,86994000
2013-11-27,180.869995,181.240005,180.649994,181.119995,159.178802,58800000
2013-11-29,181.320007,181.750000,180.800003,181.000000,159.073349,55870900
2013-12-02,181.089996,181.429993,180.250000,180.529999,158.660294,99726000
2013-12-03,179.940002,180.389999,179.169998,179.750000,157.974777,116563000
2013-12-04,179.100006,180.479996,178.350006,179.729996,157.957214,123033000
2013-12-05,179.410004,179.740005,178.770004,178.940002,157.262939,106934000
2013-12-06,180.669998,181.110001,180.149994,180.940002,159.020645,127728000
2013-12-09,181.470001,181.669998,181.160004,181.399994,159.424927,70124000
2013-12-10,180.979996,181.360001,180.639999,180.750000,158.853683,80976000
2013-12-11,180.820007,180.850006,178.500000,178.720001,157.069580,130591000
2013-12-12,178.639999,178.860001,177.759995,178.130005,156.551025,115565000
2013-12-13,178.500000,178.660004,177.770004,178.110001,156.533493,107808000
2013-12-16,178.949997,179.809998,178.899994,179.220001,157.508957,96195000
2013-12-17,179.380005,179.410004,178.250000,178.649994,157.008072,89886000
2013-12-18,178.919998,181.729996,177.320007,181.699997,159.688568,234906000
2013-12-19,181.179993,181.699997,180.710007,181.490005,159.503998,136531200
2013-12-20,180.690002,181.990005,180.570007,181.559998,160.431808,197087000
2013-12-23,182.449997,182.639999,182.070007,182.529999,161.288925,85598000
2013-12-24,182.539993,183.009995,182.529999,182.929993,161.642395,45368800
2013-12-26,183.339996,183.960007,183.320007,183.860001,162.464172,63365000
2013-12-27,184.100006,184.179993,183.660004,183.850006,162.455338,61814000
2013-12-30,183.869995,184.020004,183.580002,183.820007,162.428848,56857000
2013-12-31,184.070007,184.690002,183.929993,184.690002,163.197601,86119900
2014-01-02,183.979996,184.070007,182.479996,182.919998,161.633575,119636900
2014-01-03,183.229996,183.600006,182.630005,182.889999,161.607040,81390600
2014-01-06,183.490005,183.559998,182.080002,182.360001,161.138702,108028200
2014-01-07,183.089996,183.789993,182.949997,183.479996,162.128387,86144200
2014-01-08,183.449997,183.830002,182.889999,183.520004,162.163788,96582300
2014-01-09,184.110001,184.130005,182.800003,183.639999,162.269775,90683400
2014-01-10,183.949997,184.220001,183.009995,184.139999,162.711578,102026400
2014-01-13,183.669998,184.179993,181.339996,181.690002,160.546692,149892000
2014-01-14,182.289993,183.770004,181.949997,183.669998,162.296295,105016100
2014-01-15,184.100006,184.940002,183.710007,184.660004,163.171066,98525800
2014-01-16,184.279999,184.660004,183.830002,184.419998,162.958984,72290600
2014-01-17,184.100006,184.449997,183.320007,183.639999,162.269775,107848700
2014-01-21,184.699997,184.770004,183.050003,184.179993,162.746948,88621200
2014-01-22,184.490005,184.570007,183.910004,184.300003,162.852982,61270900
2014-01-23,183.369995,183.399994,181.820007,182.789993,161.518723,132496900
2014-01-24,181.600006,181.660004,178.830002,178.889999,158.072571,208677100
2014-01-27,179.059998,179.520004,177.119995,178.009995,157.294922,180843100
2014-01-28,178.139999,179.300003,178.119995,179.070007,158.231583,110463200
2014-01-29,177.580002,178.550003,176.880005,177.350006,156.711746,216597300
2014-01-30,178.830002,179.809998,178.259995,179.229996,158.373001,118938100
2014-01-31,177.009995,179.289993,176.919998,178.179993,157.445129,194677900
2014-02-03,177.970001,178.369995,173.830002,174.169998,153.901810,254837100
2014-02-04,174.949997,175.839996,174.110001,175.389999,154.979782,165012400
2014-02-05,174.779999,175.559998,173.710007,175.169998,154.785431,164230500
2014-02-06,175.580002,177.479996,175.220001,177.479996,156.826599,132877600
2014-02-07,178.309998,179.869995,177.729996,179.679993,158.770615,170787200
2014-02-10,179.699997,180.070007,179.210007,180.009995,159.062180,92218800
2014-02-11,180.160004,182.440002,180.039993,181.979996,160.802963,117814100
2014-02-12,182.250000,182.830002,181.710007,182.070007,160.882492,94717700
2014-02-13,180.839996,183.199997,180.830002,183.009995,161.713058,100542200
2014-02-14,182.839996,184.360001,182.669998,184.020004,162.605576,96498400
2014-02-18,184.179993,184.490005,183.649994,184.240005,162.799957,80460900
2014-02-19,183.759995,184.949997,182.869995,183.020004,161.721954,126524300
2014-02-20,183.270004,184.520004,182.600006,184.100006,162.676239,104998100
2014-02-21,184.449997,184.889999,183.800003,183.889999,162.490692,118116400
2014-02-24,184.279999,186.149994,184.199997,184.910004,163.392014,114063900
2014-02-25,185.059998,185.589996,184.229996,184.839996,163.330139,117085000
2014-02-26,185.110001,185.600006,184.330002,184.850006,163.338989,98677200
2014-02-27,184.580002,185.869995,184.369995,185.820007,164.196091,93880800
2014-02-28,185.789993,187.149994,185.050003,186.289993,164.611374,150842000
2014-03-03,184.649994,185.449997,183.750000,184.979996,163.453781,167748500
2014-03-04,186.789993,187.979996,186.750000,187.580002,165.751312,167545900
2014-03-05,187.740005,188.070007,187.449997,187.750000,165.901489,88376900
2014-03-06,188.210007,188.610001,187.779999,188.179993,166.281464,82516500
2014-03-07,188.960007,188.960007,187.429993,188.259995,166.352142,114513500
2014-03-10,187.970001,188.229996,187.080002,188.160004,166.263779,74939200
2014-03-11,188.440002,188.710007,186.800003,187.229996,165.441956,99009100
2014-03-12,186.320007,187.350006,185.899994,187.279999,165.486160,104824400
2014-03-13,187.839996,187.990005,184.660004,185.179993,163.630554,155014300
2014-03-14,184.850006,185.800003,184.440002,184.660004,163.171066,153919600
2014-03-17,185.589996,186.770004,185.509995,186.330002,164.646713,98359500
2014-03-18,186.710007,187.910004,186.509995,187.660004,165.821960,101804600
2014-03-19,187.679993,187.940002,185.470001,186.660004,164.938309,176267300
2014-03-20,186.250000,187.889999,185.919998,187.750000,165.901489,117241000
2014-03-21,187.710007,189.020004,186.029999,186.199997,165.258057,163128000
2014-03-24,186.839996,187.070007,184.619995,185.429993,164.574615,121411000
2014-03-25,186.369995,186.940002,185.270004,186.309998,165.355652,103852000
2014-03-26,187.039993,187.339996,184.919998,184.970001,164.166367,119843000
2014-03-27,184.750000,185.339996,183.899994,184.580002,163.820267,142383000
2014-03-28,185.110001,186.419998,185.000000,185.490005,164.627899,101642000
2014-03-31,186.669998,187.300003,185.520004,187.009995,165.976974,99745000
2014-04-01,187.619995,188.360001,187.000000,188.250000,167.077454,89193000
2014-04-02,188.490005,189.130005,188.139999,188.880005,167.636627,78774000
2014-04-03,189.169998,189.220001,188.050003,188.630005,167.414719,77435000
2014-04-04,189.660004,189.699997,186.100006,186.399994,165.435532,169381000
2014-04-07,185.949997,186.259995,183.960007,184.339996,163.607224,140803000
2014-04-08,184.259995,185.399994,183.589996,185.100006,164.281799,112660000
2014-04-09,185.600006,187.149994,185.059998,187.089996,166.047943,100254000
2014-04-10,187.080002,187.169998,182.929993,183.160004,162.559937,172959000
2014-04-11,182.139999,183.419998,181.309998,181.509995,161.095551,167251000
2014-04-14,182.929993,183.369995,181.440002,182.940002,162.364655,132382000
2014-04-15,183.320007,184.330002,181.509995,184.199997,163.482971,157093000
2014-04-16,185.470001,186.139999,184.649994,186.130005,165.195908,105197000
2014-04-17,185.880005,186.910004,185.559998,186.389999,165.426651,105255000
2014-04-21,186.440002,187.100006,186.210007,187.039993,166.003555,68329000
2014-04-22,187.229996,188.399994,187.130005,187.889999,166.757965,85790000
2014-04-23,187.820007,187.919998,187.300003,187.449997,166.367416,73869000
2014-04-24,188.369995,188.389999,186.929993,187.830002,166.704697,88170000
2014-04-25,187.220001,187.330002,185.869995,186.289993,165.337906,100380000
2014-04-28,187.050003,187.690002,184.960007,186.880005,165.861572,135121000
2014-04-29,187.479996,188.039993,187.080002,187.750000,166.633667,84098000
2014-04-30,187.440002,188.500000,187.179993,188.309998,167.130768,101508000
2014-05-01,188.220001,188.839996,187.729996,188.330002,167.148483,93019000
2014-05-02,188.309998,189.139999,187.779999,188.059998,166.908813,98122000
2014-05-05,187.139999,188.550003,186.619995,188.419998,167.228348,75883000
2014-05-06,188.000000,188.130005,186.740005,186.779999,165.772812,85454000
2014-05-07,187.410004,187.970001,186.009995,187.880005,166.749069,106500000
2014-05-08,187.710007,189.050003,187.080002,187.679993,166.571609,93618000
2014-05-09,187.710007,188.039993,186.830002,187.960007,166.820053,83679000
2014-05-12,188.800003,189.880005,188.000000,189.789993,168.444260,86940000
2014-05-13,190.039993,190.419998,189.770004,189.960007,168.595184,66454000
2014-05-14,189.789993,189.880005,188.789993,189.059998,167.796356,72367000
2014-05-15,188.679993,188.720001,186.479996,187.399994,166.323074,154956000
2014-05-16,187.509995,188.130005,186.720001,188.050003,166.899979,97458000
2014-05-19,187.690002,188.889999,187.520004,188.740005,167.512375,63839000
2014-05-20,188.649994,188.669998,187.070007,187.550003,166.456207,111644000
2014-05-21,188.089996,189.220001,188.059998,189.130005,167.858505,89093000
2014-05-22,189.179993,189.979996,188.860001,189.589996,168.266754,61549000
2014-05-23,189.759995,190.479996,189.589996,190.350006,168.941238,61092800
2014-05-27,191.059998,191.580002,190.949997,191.520004,169.979660,72010000
2014-05-28,191.520004,191.820007,191.059998,191.380005,169.855453,66723000
2014-05-29,191.820007,192.399994,191.330002,192.369995,170.734070,64377000
2014-05-30,192.190002,192.800003,192.029999,192.679993,171.009186,76316000
2014-06-02,192.949997,192.990005,191.970001,192.899994,171.204468,64656000
2014-06-03,192.429993,192.899994,192.250000,192.800003,171.115738,65047000
2014-06-04,192.470001,193.300003,192.270004,193.190002,171.461868,55529000
2014-06-05,193.410004,194.649994,192.699997,194.449997,172.580124,92103000
2014-06-06,194.869995,195.429993,194.779999,195.380005,173.405548,78696000
2014-06-09,195.350006,196.050003,195.169998,195.580002,173.583054,65119000
2014-06-10,195.339996,195.639999,194.919998,195.600006,173.600830,57129000
2014-06-11,194.899994,195.119995,194.479996,194.919998,172.997314,68772000
2014-06-12,194.690002,194.800003,193.110001,193.539993,171.772522,106350000
2014-06-13,193.919998,194.320007,193.300003,194.130005,172.296143,82017000
2014-06-16,193.889999,194.699997,193.660004,194.289993,172.438171,87424000
2014-06-17,194.020004,194.970001,193.809998,194.830002,172.917450,84834000
2014-06-18,194.830002,196.369995,194.399994,196.259995,174.186600,105267000
2014-06-19,196.429993,196.600006,195.800003,196.479996,174.381836,85929000
2014-06-20,196.029999,196.100006,195.699997,195.940002,174.735855,100587000
2014-06-23,195.990005,196.050003,195.520004,195.880005,174.682404,70611000
2014-06-24,195.529999,196.500000,194.479996,194.699997,173.630066,96237000
2014-06-25,194.289993,195.779999,194.250000,195.580002,174.414825,82782000
2014-06-26,195.610001,195.630005,194.130005,195.440002,174.289978,84312000
2014-06-27,194.979996,195.880005,194.889999,195.820007,174.628860,71445100
2014-06-30,195.699997,196.169998,195.529999,195.720001,174.539703,70201200
2014-07-01,196.199997,197.630005,196.130005,197.029999,175.707932,90470000
2014-07-02,197.050003,197.479996,196.960007,197.229996,175.886230,52475000
2014-07-03,197.789993,198.289993,197.639999,198.199997,176.751312,52938800
2014-07-07,197.820007,197.979996,197.220001,197.509995,176.135941,61696000
2014-07-08,197.149994,197.220001,195.759995,196.240005,175.003433,108143000
2014-07-09,196.729996,197.300003,196.309998,197.119995,175.788162,72992000
2014-07-10,195.220001,196.860001,195.059998,196.339996,175.092560,99040000
2014-07-11,196.220001,196.750000,195.779999,196.610001,175.333374,64243000
2014-07-14,197.610001,197.860001,197.440002,197.600006,176.216263,58658000
2014-07-15,197.720001,198.100006,196.360001,197.229996,175.886230,111307000
2014-07-16,198.110001,198.259995,197.419998,197.960007,176.537277,79986400
2014-07-17,197.350006,198.100006,195.429993,195.710007,174.530762,145398000
2014-07-18,196.350006,197.910004,196.240005,197.710007,176.314331,124330000
2014-07-21,197.089996,197.500000,196.429993,197.339996,175.984344,67592000
2014-07-22,198.009995,198.559998,197.869995,198.199997,176.751312,67678000
2014-07-23,198.500000,198.850006,198.100006,198.639999,177.143661,65612000
2014-07-24,198.830002,199.059998,198.449997,198.649994,177.152634,56888000
2014-07-25,198.089996,198.259995,197.330002,197.720001,176.323212,76837000
2014-07-28,197.759995,198.089996,196.619995,197.800003,176.394577,69259000
2014-07-29,198.169998,198.449997,196.919998,196.949997,175.636566,80466000
2014-07-30,197.649994,197.910004,196.160004,196.979996,175.663345,104222000
2014-07-31,195.610001,195.779999,192.970001,193.089996,172.194305,183479000
2014-08-01,192.559998,193.759995,191.570007,192.500000,171.668152,189261000
2014-08-04,192.869995,194.300003,192.050003,193.889999,172.907700,91340000
2014-08-05,193.100006,193.600006,191.309998,192.009995,171.231155,152690000
2014-08-06,191.110001,192.889999,191.080002,192.070007,171.284683,94818000
2014-08-07,192.940002,193.130005,190.550003,191.029999,170.357208,135733000
2014-08-08,191.460007,193.369995,190.949997,193.240005,172.328049,117014000
2014-08-11,193.970001,194.660004,193.710007,193.800003,172.827438,74544000
2014-08-12,193.610001,194.149994,192.940002,193.529999,172.586655,73632000
2014-08-13,194.289993,195.059998,193.960007,194.839996,173.754929,69047000
2014-08-14,195.160004,195.759995,194.979996,195.759995,174.575348,57371000
2014-08-15,196.470001,196.649994,194.309998,195.720001,174.539703,139951000
2014-08-18,196.800003,197.449997,196.690002,197.360001,176.002243,75424000
2014-08-19,197.839996,198.539993,197.440002,198.389999,176.920715,59135000
2014-08-20,198.119995,199.160004,198.080002,198.919998,177.393372,72763000
2014-08-21,199.089996,199.759995,198.929993,199.500000,177.910629,67791000
2014-08-22,199.339996,199.690002,198.740005,199.190002,177.634171,76107000
2014-08-25,200.139999,200.589996,199.149994,200.199997,178.534821,63855000
2014-08-26,200.330002,200.820007,200.279999,200.330002,178.650757,47298000
2014-08-27,200.429993,200.570007,199.940002,200.250000,178.579422,47874000
2014-08-28,199.589996,200.270004,199.389999,200.139999,178.481369,58330000
2014-08-29,200.449997,200.729996,199.820007,200.710007,178.989639,65907000
2014-09-02,200.970001,201.000000,199.860001,200.610001,178.900482,72426000
2014-09-03,201.380005,201.410004,200.220001,200.500000,178.802414,57462000
2014-09-04,200.839996,201.580002,199.660004,200.210007,178.543823,85236000
2014-09-05,200.169998,201.190002,199.410004,201.110001,179.346359,102177000
2014-09-08,200.919998,201.210007,200.000000,200.589996,178.882660,64146000
2014-09-09,200.410004,200.550003,198.910004,199.320007,177.750137,88591000
2014-09-10,199.429993,200.199997,198.770004,200.070007,178.418930,67251000
2014-09-11,199.270004,200.330002,199.119995,200.300003,178.624039,66774400
2014-09-12,200.100006,200.119995,198.559998,199.130005,177.580658,117409300
2014-09-15,199.160004,199.320007,198.380005,198.979996,177.446915,76401000
2014-09-16,198.610001,200.839996,198.500000,200.479996,178.784531,116201000
2014-09-17,200.770004,201.679993,199.750000,200.750000,179.025345,151266000
2014-09-18,201.360001,201.850006,201.100006,201.820007,179.979568,94990000
2014-09-19,201.520004,201.899994,200.289993,200.699997,179.817352,121649000
2014-09-22,200.350006,200.380005,198.729996,199.149994,178.428635,125553000
2014-09-23,198.429993,199.259995,197.949997,198.009995,177.407288,111393000
2014-09-24,198.039993,199.690002,197.520004,199.559998,178.795990,107276000
2014-09-25,199.039993,199.050003,196.270004,196.339996,175.911011,150300000
2014-09-26,196.699997,198.389999,196.419998,197.899994,177.308701,103547000
2014-09-29,196.199997,197.889999,196.050003,197.539993,176.986176,95112000
2014-09-30,197.690002,198.300003,196.610001,197.020004,176.520325,131302000
2014-10-01,196.699997,196.770004,193.910004,194.350006,174.128067,177798000
2014-10-02,194.179993,195.059998,192.350006,194.380005,174.154984,157285000
2014-10-03,195.679993,196.940002,195.080002,196.520004,176.072327,121569000
2014-10-06,197.339996,197.600006,195.580002,196.289993,175.866241,104778000
2014-10-07,195.279999,195.720001,193.220001,193.259995,173.151520,147913000
2014-10-08,193.369995,196.919998,192.360001,196.639999,176.179810,186461000
2014-10-09,196.330002,196.600006,192.580002,192.740005,172.685654,210705000
2014-10-10,192.690002,193.649994,190.490005,190.539993,170.714539,221909000
2014-10-13,190.460007,191.149994,187.300003,187.410004,167.910217,230939000
2014-10-14,188.419998,189.820007,187.039993,187.699997,168.170059,215847000
2014-10-15,185.160004,187.690002,181.919998,186.429993,167.032150,380715000
2014-10-16,183.059998,187.580002,182.889999,186.270004,166.888809,270391000
2014-10-17,188.419998,189.750000,187.619995,188.470001,168.859909,214625000
2014-10-20,188.130005,190.449997,188.070007,190.300003,170.499496,130011000
2014-10-21,191.679993,194.199997,191.479996,194.070007,173.877258,154949000
2014-10-22,194.410004,194.910004,192.610001,192.690002,172.640823,151822000
2014-10-23,194.619995,196.199997,194.259995,194.929993,174.647720,154944000
2014-10-24,195.250000,196.490005,194.490005,196.429993,175.991669,117927000
2014-10-27,195.729996,196.449997,195.029999,196.160004,175.749771,82954000
2014-10-28,196.820007,198.419998,196.729996,198.410004,177.765656,106736000
2014-10-29,198.550003,199.119995,196.800003,198.110001,177.496872,142557000
2014-10-30,197.580002,199.949997,197.399994,199.380005,178.634735,113330000
2014-10-31,201.779999,201.820007,200.770004,201.660004,180.677460,146903000
2014-11-03,201.919998,202.449997,201.309998,201.770004,180.776062,93600000
2014-11-04,201.229996,201.600006,200.059998,201.070007,180.148865,93343000
2014-11-05,202.539993,202.589996,201.449997,202.339996,181.286743,91709000
2014-11-06,202.389999,203.259995,201.639999,203.149994,182.012466,107089000
2014-11-07,203.169998,203.600006,202.610001,203.339996,182.182709,89540000
2014-11-10,203.380005,204.039993,203.130005,203.979996,182.756088,66319000
2014-11-11,204.059998,204.309998,203.649994,204.179993,182.935318,54499400
2014-11-12,203.350006,204.240005,203.309998,203.960007,182.738205,90120300
2014-11-13,204.160004,204.830002,203.210007,204.190002,182.944305,85357900
2014-11-14,204.100006,204.490005,203.720001,204.240005,182.989059,80417500
2014-11-17,203.850006,204.580002,203.649994,204.369995,183.105515,80441000
2014-11-18,204.440002,205.919998,204.440002,205.550003,184.162750,76068100
2014-11-19,205.309998,205.550003,204.300003,205.220001,183.867096,82373000
2014-11-20,204.259995,205.710007,204.179993,205.580002,184.189606,72840300
2014-11-21,207.639999,207.839996,205.979996,206.679993,185.175156,142327300
2014-11-24,207.169998,207.389999,206.910004,207.259995,185.694824,65880800
2014-11-25,207.539993,207.789993,206.800003,207.110001,185.560471,79108300
2014-11-26,207.289993,207.759995,207.029999,207.639999,186.035278,62167800
2014-11-28,207.490005,207.869995,206.910004,207.199997,185.641068,57890100
2014-12-01,206.399994,206.539993,205.380005,205.759995,184.350876,103968400
2014-12-02,205.809998,207.339996,205.779999,207.089996,185.542526,74507200
2014-12-03,207.300003,208.149994,207.100006,207.889999,186.259293,68952000
2014-12-04,207.539993,208.270004,206.699997,207.660004,186.053223,91316600
2014-12-05,207.869995,208.470001,207.550003,208.000000,186.357834,91025500
2014-12-08,207.520004,208.119995,205.929993,206.610001,185.112457,108588200
2014-12-09,204.369995,206.600006,203.910004,206.470001,184.987030,125180100
2014-12-10,205.910004,205.979996,202.929993,203.160004,182.021408,159856400
2014-12-11,203.880005,206.190002,203.710007,204.190002,182.944305,159012800
2014-12-12,202.639999,203.820007,200.850006,200.889999,179.987625,202330200
2014-12-15,201.979996,202.529999,198.779999,199.509995,178.751190,189965800
2014-12-16,198.580002,202.399994,197.860001,197.910004,177.317673,259543800
2014-12-17,198.440002,202.339996,198.289993,201.789993,180.793991,253910100
2014-12-18,204.740005,212.970001,203.919998,206.779999,185.264771,257633900
2014-12-19,206.429993,207.330002,205.610001,206.520004,186.053070,245084600
2014-12-22,206.750000,207.470001,206.460007,207.470001,186.908920,148318900
2014-12-23,208.169998,208.229996,207.399994,207.750000,187.161148,122167900
2014-12-24,208.020004,208.339996,207.720001,207.770004,187.179169,42963400
2014-12-26,208.309998,208.850006,208.250000,208.440002,187.782776,57326700
2014-12-29,208.220001,208.970001,208.139999,208.720001,188.035049,79643900
2014-12-30,208.210007,208.369995,207.509995,207.600006,187.026031,73540800
2014-12-31,207.990005,208.190002,205.389999,205.539993,185.170166,130333800
2015-01-02,206.380005,206.880005,204.179993,205.429993,185.071075,121465900
2015-01-05,204.169998,204.369995,201.350006,201.720001,181.728745,169632600
2015-01-06,202.089996,202.720001,198.860001,199.820007,180.017090,209151400
2015-01-07,201.419998,202.720001,200.880005,202.309998,182.260269,125346700
2015-01-08,204.009995,206.160004,203.990005,205.899994,185.494492,147217800
2015-01-09,206.399994,206.419998,203.509995,204.250000,184.008011,158567300
2015-01-12,204.410004,204.600006,201.919998,202.649994,182.566559,144396100
2015-01-13,204.119995,205.479996,200.509995,202.080002,182.053055,214553300
2015-01-14,199.649994,201.100006,198.570007,200.860001,180.953964,192991100
2015-01-15,201.630005,202.009995,198.880005,199.020004,179.296356,176613900
2015-01-16,198.770004,201.820007,198.550003,201.630005,181.647675,211879600
2015-01-20,202.399994,202.720001,200.169998,202.059998,182.035065,130991100
2015-01-21,201.500000,203.660004,200.940002,203.080002,182.954010,122942700
2015-01-22,203.990005,206.259995,202.330002,206.100006,185.674652,174356000
2015-01-23,205.789993,206.100006,204.809998,204.970001,184.656647,117516800
2015-01-26,204.710007,205.559998,203.850006,205.449997,185.089096,92009700
2015-01-27,202.970001,204.119995,201.740005,202.740005,182.647644,134044600
2015-01-28,204.169998,204.289993,199.910004,200.139999,180.305298,168514300
2015-01-29,200.380005,202.300003,198.679993,201.990005,181.971985,173585400
2015-01-30,200.570007,202.169998,199.130005,199.449997,179.683716,197729700
2015-02-02,200.050003,202.029999,197.860001,201.919998,181.908920,163107000
2015-02-03,203.000000,204.850006,202.550003,204.839996,184.539536,124212900
2015-02-04,203.919998,205.380005,203.509995,204.059998,183.836868,134306700
2015-02-05,204.860001,206.300003,204.770004,206.119995,185.692703,97953200
2015-02-06,206.559998,207.240005,204.919998,205.550003,185.179184,125672000
2015-02-09,204.770004,205.639999,204.139999,204.630005,184.350388,87219000
2015-02-10,205.880005,207.119995,204.679993,206.809998,186.314285,96164200
2015-02-11,206.610001,207.449997,205.830002,206.929993,186.422394,91087800
2015-02-12,207.889999,208.990005,206.970001,208.919998,188.215179,97545900
2015-02-13,209.070007,209.839996,208.759995,209.779999,188.989975,93670400
2015-02-17,209.399994,210.320007,209.100006,210.110001,189.287292,76968200
2015-02-18,209.660004,210.220001,209.339996,210.130005,189.305283,80652900
2015-02-19,209.410004,210.419998,209.240005,209.979996,189.170181,91462500
2015-02-20,209.479996,211.330002,208.729996,211.240005,190.305283,140896400
2015-02-23,210.940002,211.210007,210.479996,211.210007,190.278259,74411100
2015-02-24,211.119995,212.050003,210.759995,211.809998,190.818771,72472300
2015-02-25,211.660004,212.240005,211.220001,211.630005,190.656647,73061700
2015-02-26,211.520004,211.710007,210.649994,211.380005,190.431442,72697900
2015-02-27,211.259995,211.580002,210.600006,210.660004,189.782761,108076000
2015-03-02,210.779999,212.059998,210.720001,211.990005,190.980988,87491400
2015-03-03,211.470001,212.050003,210.080002,211.119995,190.197159,110325800
2015-03-04,210.399994,210.490005,209.059998,210.229996,189.395355,114497200
2015-03-05,210.619995,210.800003,209.850006,210.460007,189.602554,76873000
2015-03-06,209.419998,209.940002,207.100006,207.500000,186.935944,188128000
2015-03-09,207.740005,208.789993,207.550003,208.360001,187.710678,89818900
2015-03-10,206.710007,206.809998,204.929993,204.979996,184.665710,157121300
2015-03-11,205.289993,205.500000,204.399994,204.500000,184.233246,110145700
2015-03-12,205.259995,207.179993,205.199997,207.100006,186.575546,93993500
2015-03-13,206.770004,207.929993,204.580002,205.830002,185.431442,162410900
2015-03-16,206.710007,208.690002,205.860001,208.580002,187.908875,136099200
2015-03-17,207.690002,208.419998,206.979996,207.960007,187.350327,94510400
2015-03-18,207.389999,211.270004,206.619995,210.460007,189.602554,228808500
2015-03-19,209.960007,210.470001,209.029999,209.500000,188.737732,117917300
2015-03-20,209.710007,211.020004,209.490005,210.410004,190.403687,177715100
2015-03-23,210.419998,211.110001,210.000000,210.000000,190.032700,71784500
2015-03-24,209.850006,210.399994,208.740005,208.820007,188.964874,77805300
2015-03-25,209.070007,209.350006,205.710007,205.759995,186.195831,159521700
2015-03-26,204.960007,206.369995,204.119995,205.270004,185.752426,153067200
2015-03-27,205.130005,205.949997,204.899994,205.740005,186.177689,118939000
2015-03-30,206.979996,208.610001,206.960007,208.250000,188.449036,96180400
2015-03-31,207.259995,208.100006,206.360001,206.429993,186.802124,126768700
2015-04-01,206.389999,206.419998,204.509995,205.699997,186.141541,137303600
2015-04-02,205.619995,206.979996,205.399994,206.440002,186.811188,86900900
2015-04-06,205.369995,208.449997,205.210007,207.830002,188.069000,114368200
2015-04-07,207.860001,208.759995,207.240005,207.279999,187.571274,81236300
2015-04-08,207.550003,208.509995,207.080002,207.979996,188.204712,89351900
2015-04-09,207.779999,209.179993,207.190002,208.899994,189.037262,85548900
2015-04-10,209.199997,210.089996,208.960007,210.039993,190.068832,72722900
2015-04-13,209.869995,210.630005,209.029999,209.089996,189.209213,74436600
2015-04-14,208.850006,209.710007,208.100006,209.490005,189.571121,75099900
2015-04-15,210.050003,211.039993,209.949997,210.429993,190.421738,99529300
2015-04-16,210.029999,210.979996,209.789993,210.369995,190.367477,68934900
2015-04-17,208.940002,209.229996,207.009995,207.949997,188.177551,191113200
2015-04-20,209.059998,210.250000,208.960007,209.850006,189.896912,92189500
2015-04-21,210.669998,210.860001,209.240005,209.600006,189.670715,72559800
2015-04-22,210.009995,210.850006,208.899994,210.630005,190.602768,78264600
2015-04-23,210.149994,211.940002,210.009995,211.160004,191.082367,102585900
2015-04-24,211.660004,211.970001,211.110001,211.649994,191.525772,61327400
2015-04-27,212.330002,212.479996,210.539993,210.770004,190.729431,79358100
2015-04-28,210.740005,211.500000,209.330002,211.440002,191.335770,86863500
2015-04-29,210.369995,211.289993,209.600006,210.570007,190.548477,125684900
2015-04-30,209.880005,210.350006,207.619995,208.460007,188.639069,161304900
2015-05-01,209.399994,210.770004,209.279999,210.720001,190.684189,103399700
2015-05-04,211.229996,212.020004,211.100006,211.320007,191.227142,70927200
2015-05-05,211.029999,211.460007,208.729996,208.899994,189.037262,113326200
2015-05-06,209.559998,209.929993,206.759995,208.039993,188.259018,135060200
2015-05-07,207.919998,209.380005,207.520004,208.869995,189.010117,88244900
2015-05-08,210.880005,211.860001,210.779999,211.619995,191.498642,155877300
2015-05-11,211.570007,211.889999,210.520004,210.610001,190.584671,75708100
2015-05-12,209.610001,210.630005,208.619995,209.979996,190.014572,119727600
2015-05-13,210.470001,211.220001,209.740005,210.020004,190.050766,94667900
2015-05-14,211.240005,212.320007,210.910004,212.210007,192.032532,95934000
2015-05-15,212.440002,212.610001,211.860001,212.440002,192.240662,76510100
2015-05-18,212.240005,213.399994,212.160004,213.100006,192.837921,74549700
2015-05-19,213.240005,213.570007,212.690002,213.029999,192.774567,72114600
2015-05-20,213.149994,213.779999,212.500000,212.880005,192.638824,76857500
2015-05-21,212.710007,213.750000,212.509995,213.500000,193.199844,64764600
2015-05-22,213.039993,213.539993,212.910004,212.990005,192.738388,57433500
2015-05-26,212.399994,212.910004,210.199997,210.699997,190.666092,124308600
2015-05-27,211.250000,212.979996,210.759995,212.699997,192.475937,93214000
2015-05-28,212.330002,212.589996,211.630005,212.460007,192.258804,74974600
2015-05-29,212.380005,212.429993,210.820007,211.139999,191.064285,124919600
2015-06-01,211.940002,212.339996,210.619995,211.570007,191.453415,93338800
2015-06-02,211.020004,212.190002,210.270004,211.360001,191.263336,91531000
2015-06-03,212.000000,212.669998,211.330002,211.919998,191.770096,87820900
2015-06-04,211.070007,211.860001,209.750000,210.130005,190.150314,151882800
2015-06-05,209.949997,210.580002,208.979996,209.770004,189.824524,121704700
2015-06-08,209.639999,209.820007,208.389999,208.479996,188.657211,89063300
2015-06-09,208.449997,209.100006,207.690002,208.449997,188.629974,105034700
2015-06-10,209.369995,211.410004,209.300003,210.949997,190.892334,134551300
2015-06-11,211.479996,212.089996,211.199997,211.630005,191.507675,73876400
2015-06-12,210.639999,211.479996,209.679993,210.009995,190.041733,135382400
2015-06-15,208.639999,209.449997,207.789993,209.110001,189.227280,124384200
2015-06-16,208.929993,210.350006,208.720001,210.250000,190.258896,85308200
2015-06-17,210.589996,211.320007,209.360001,210.589996,190.566559,126708600
2015-06-18,211.309998,213.339996,210.630005,212.779999,192.548340,165867900
2015-06-19,211.460007,211.550003,210.360001,210.809998,191.693558,130478700
2015-06-22,211.910004,212.589996,211.639999,211.889999,192.675644,70696000
2015-06-23,212.139999,212.440002,211.570007,212.039993,192.812057,68476800
2015-06-24,211.720001,212.169998,210.470001,210.500000,191.411682,92307300
2015-06-25,211.100006,211.250000,209.770004,209.860001,190.829727,97107400
2015-06-26,210.289993,210.580002,209.160004,209.820007,190.793320,104174800
2015-06-29,208.050003,209.830002,205.330002,205.419998,186.792374,202621300
2015-06-30,207.259995,207.320007,205.279999,205.850006,187.183365,182925100
2015-07-01,207.729996,208.029999,206.559998,207.500000,188.683701,135979900
2015-07-02,208.070007,208.270004,206.809998,207.309998,188.510941,104373700
2015-07-06,205.770004,207.649994,205.529999,206.720001,187.974487,117975400
2015-07-07,206.960007,208.169998,204.110001,208.020004,189.156601,173820200
2015-07-08,206.419998,206.759995,204.250000,204.529999,185.983032,164020100
2015-07-09,207.039993,207.350006,204.770004,204.899994,186.319504,144113100
2015-07-10,207.289993,207.979996,204.949997,207.479996,188.665527,129456900
2015-07-13,208.990005,209.899994,208.940002,209.770004,190.747879,106069400
2015-07-14,209.720001,211.050003,209.649994,210.679993,191.575378,81709600
2015-07-15,210.729996,211.279999,210.039993,210.610001,191.511719,97914100
2015-07-16,211.869995,212.300003,211.580002,212.300003,193.048462,106683300
2015-07-17,212.289993,212.550003,211.800003,212.479996,193.212158,89030000
2015-07-20,212.750000,213.179993,212.210007,212.589996,193.312149,70446800
2015-07-21,212.429993,212.740005,211.389999,211.750000,192.548340,77965000
2015-07-22,210.929993,211.770004,210.889999,211.369995,192.202774,88667900
2015-07-23,211.529999,211.649994,209.750000,210.179993,191.120697,90509100
2015-07-24,210.300003,210.369995,207.600006,208.000000,189.138428,117755000
2015-07-27,206.940002,207.550003,206.259995,206.789993,188.038071,132361100
2015-07-28,207.789993,209.500000,206.800003,209.330002,190.347794,123544800
2015-07-29,209.479996,211.039993,209.309998,210.770004,191.657181,105791300
2015-07-30,210.160004,211.020004,209.419998,210.820007,191.702698,91304400
2015-07-31,211.419998,211.449997,210.160004,210.500000,191.411682,103266900
2015-08-03,210.460007,210.529999,208.649994,209.789993,190.766052,113965700
2015-08-04,209.699997,210.250000,208.800003,209.380005,190.393295,81820800
2015-08-05,210.449997,211.309998,209.729996,210.070007,191.020676,85786800
2015-08-06,210.289993,210.419998,207.649994,208.350006,189.456665,116030800
2015-08-07,208.160004,208.339996,206.869995,207.949997,189.092896,117858000
2015-08-10,209.279999,210.669998,209.279999,210.570007,191.475342,80270700
2015-08-11,208.970001,209.470001,207.759995,208.669998,189.747665,126081400
2015-08-12,207.110001,209.139999,205.360001,208.919998,189.974945,172123700
2015-08-13,208.729996,209.550003,208.009995,208.660004,189.738525,89383300
2015-08-14,208.429993,209.509995,208.259995,209.419998,190.429626,72786500
2015-08-17,208.710007,210.589996,208.160004,210.589996,191.493515,79072600
2015-08-18,210.259995,210.679993,209.699997,209.979996,190.938843,71692700
2015-08-19,209.089996,210.009995,207.350006,208.320007,189.429367,172946000
2015-08-20,206.509995,208.289993,203.899994,203.970001,185.473862,194327900
2015-08-21,201.729996,203.940002,197.520004,197.830002,179.890579,346588500
2015-08-24,187.490005,197.479996,182.399994,189.500000,172.315964,507244300
2015-08-25,195.429993,195.449997,186.919998,187.270004,170.288239,369833100
2015-08-26,192.080002,194.789993,188.369995,194.460007,176.826218,339257000
2015-08-27,197.020004,199.419998,195.210007,199.270004,181.200058,274143900
2015-08-28,198.500000,199.839996,197.919998,199.279999,181.209137,160414400
2015-08-31,198.110001,199.130005,197.009995,197.669998,179.745117,163298800
2015-09-01,193.119995,194.770004,190.729996,191.770004,174.380127,256000400
2015-09-02,194.619995,195.460007,192.419998,195.410004,177.690079,160269300
2015-09-03,196.259995,198.050003,194.960007,195.550003,177.817368,152087800
2015-09-04,192.850006,193.860001,191.610001,192.589996,175.125793,207081000
2015-09-08,195.940002,197.610001,195.169998,197.429993,179.526886,116025700
2015-09-09,199.320007,199.470001,194.350006,194.789993,177.126312,149347700
2015-09-10,194.559998,197.220001,194.250000,195.850006,178.090149,158611100
2015-09-11,195.380005,196.820007,194.529999,196.740005,178.899475,119691200
2015-09-14,196.949997,197.009995,195.429993,196.009995,178.235657,79452000
2015-09-15,196.610001,198.990005,195.960007,198.460007,180.463486,113806200
2015-09-16,198.820007,200.410004,198.410004,200.179993,182.027481,99581600
2015-09-17,200.020004,202.889999,199.279999,199.729996,181.618286,276046600
2015-09-18,195.710007,198.679993,194.960007,195.449997,178.650421,223657500
2015-09-21,196.440002,197.679993,195.210007,196.460007,179.573624,105726200
2015-09-22,193.880005,194.460007,192.559998,193.910004,177.242783,153890900
2015-09-23,194.110001,194.669998,192.910004,193.600006,176.959396,92790600
2015-09-24,192.149994,193.449997,190.559998,192.899994,176.319534,159378800
2015-09-25,194.639999,195.000000,191.809998,192.850006,176.273895,155054800
2015-09-28,191.779999,191.910004,187.639999,188.009995,171.849884,178515900
2015-09-29,188.270004,189.740005,186.929993,188.119995,171.950424,159045600
2015-09-30,190.369995,191.830002,189.440002,191.630005,175.158752,163452000
2015-10-01,192.080002,192.490005,189.820007,192.130005,175.615799,131079000
2015-10-02,189.770004,195.029999,189.119995,195.000000,178.239105,211003300
2015-10-05,196.460007,198.740005,196.330002,198.470001,181.410843,126320800
2015-10-06,198.309998,198.979996,197.000000,197.789993,180.789322,110274500
2015-10-07,198.899994,199.830002,197.479996,199.410004,182.270020,124307300
2015-10-08,198.949997,201.550003,198.589996,201.210007,183.915329,153055200
2015-10-09,201.380005,201.899994,200.580002,201.330002,184.024979,107069200
2015-10-12,201.419998,201.759995,200.910004,201.520004,184.198654,56395600
2015-10-13,200.649994,202.160004,200.050003,200.250000,183.037857,88038700
2015-10-14,200.179993,200.869995,198.940002,199.289993,182.160339,99106200
2015-10-15,200.080002,202.360001,199.639999,202.350006,184.957306,134142200
2015-10-16,202.830002,203.289993,201.919998,203.270004,185.798248,114580100
2015-10-19,202.500000,203.369995,202.130005,203.369995,185.889664,76523900
2015-10-20,202.850006,203.839996,202.550003,203.110001,185.652023,78448500
2015-10-21,203.610001,203.789993,201.649994,201.850006,184.500290,102038000
2015-10-22,202.979996,205.509995,201.850006,205.259995,187.617218,174911700
2015-10-23,207.250000,207.949997,206.300003,207.509995,189.673782,144442300
2015-10-26,207.300003,207.369995,206.559998,207.000000,189.207657,69033000
2015-10-27,206.199997,207.000000,205.789993,206.600006,188.842026,77905800
2015-10-28,207.000000,208.979996,206.210007,208.949997,190.990036,135906700
2015-10-29,208.350006,209.270004,208.210007,208.830002,190.880341,90525500
2015-10-30,209.059998,209.440002,207.740005,207.929993,190.057693,131076900
2015-11-02,208.320007,210.619995,208.169998,210.389999,192.306290,86270800
2015-11-03,209.970001,211.660004,209.699997,211.000000,192.863815,95246100
2015-11-04,211.350006,211.500000,209.720001,210.360001,192.278839,96224500
2015-11-05,210.429993,210.979996,209.089996,210.149994,192.086884,78408700
2015-11-06,209.740005,210.320007,208.460007,210.039993,191.986328,110471500
2015-11-09,209.309998,209.490005,206.949997,208.080002,190.194794,131008700
2015-11-10,207.509995,208.600006,207.190002,208.559998,190.633560,75874600
2015-11-11,208.880005,208.940002,207.660004,207.740005,189.884064,67846000
2015-11-12,206.500000,207.059998,204.820007,204.839996,187.233276,121315200
2015-11-13,204.350006,204.669998,202.440002,202.539993,185.130981,153577100
2015-11-16,202.320007,205.690002,202.179993,205.619995,187.946259,117645200
2015-11-17,205.990005,207.039993,204.880005,205.470001,187.809143,121123700
2015-11-18,206.039993,208.899994,205.990005,208.729996,190.788925,121342500
2015-11-19,208.589996,209.050003,208.199997,208.550003,190.624420,88220500
2015-11-20,209.449997,210.119995,208.860001,209.309998,191.319077,94011500
2015-11-23,209.380005,209.979996,208.520004,209.070007,191.099731,64931200
2015-11-24,207.869995,209.830002,207.410004,209.350006,191.355621,98874400
2015-11-25,209.500000,209.740005,209.009995,209.320007,191.328247,51980100
2015-11-27,209.429993,209.800003,208.860001,209.559998,191.547592,37317800
2015-11-30,209.750000,209.889999,208.559998,208.690002,190.752350,112822700
2015-12-01,209.440002,210.820007,209.110001,210.679993,192.571335,97858400
2015-12-02,210.619995,211.000000,208.229996,208.529999,190.606125,108441300
2015-12-03,208.830002,209.149994,204.750000,205.610001,187.937119,166224200
2015-12-04,205.610001,209.970001,205.610001,209.619995,191.602432,192913900
2015-12-07,209.229996,209.729996,207.199997,208.350006,190.441605,102027100
2015-12-08,206.490005,208.289993,205.779999,206.949997,189.161926,103372400
2015-12-09,206.190002,208.679993,204.179993,205.339996,187.690308,162401500
2015-12-10,205.419998,207.429993,205.139999,205.869995,188.174759,116128900
2015-12-11,203.350006,204.139999,201.509995,201.880005,184.527725,211173300
2015-12-14,202.070007,203.050003,199.949997,202.899994,185.460037,182385200
2015-12-15,204.699997,206.110001,202.869995,205.029999,187.407013,154069600
2015-12-16,206.369995,208.389999,204.800003,208.029999,190.149139,197017000
2015-12-17,208.399994,208.479996,204.839996,204.860001,187.251572,173092500
2015-12-18,202.770004,202.929993,199.830002,200.020004,183.915710,251393500
2015-12-21,201.410004,201.880005,200.089996,201.669998,185.432816,99094300
2015-12-22,202.720001,203.850006,201.550003,203.500000,187.115524,111026200
2015-12-23,204.690002,206.070007,204.580002,206.020004,189.432602,110987200
2015-12-24,205.720001,206.330002,205.419998,205.679993,189.119980,48539600
2015-12-28,204.860001,205.259995,203.940002,205.210007,188.687820,65899900
2015-12-29,206.509995,207.789993,206.470001,207.399994,190.701492,92640700
2015-12-30,207.110001,207.210007,205.759995,205.929993,189.349838,63317700
2015-12-31,205.130005,205.889999,203.869995,203.869995,187.455719,114877900
2016-01-04,200.490005,201.029999,198.589996,201.020004,184.835175,222353500
2016-01-05,201.399994,201.899994,200.050003,201.360001,185.147781,110845800
2016-01-06,198.339996,200.059998,197.600006,198.820007,182.812286,152112600
2016-01-07,195.330002,197.440002,193.589996,194.050003,178.426331,213436100
2016-01-08,195.190002,195.850006,191.580002,191.919998,176.467850,209817200
2016-01-11,193.009995,193.410004,189.820007,192.110001,176.642532,187941300
2016-01-12,193.820007,194.550003,191.139999,193.660004,178.067764,172330500
2016-01-13,194.449997,194.860001,188.380005,188.830002,173.626617,221168900
2016-01-14,189.550003,193.259995,187.660004,191.929993,176.477020,240795600
2016-01-15,186.770004,188.759995,185.520004,187.809998,172.688751,324846400
2016-01-19,189.960007,190.110001,186.199997,188.059998,172.918640,195244400
2016-01-20,185.029999,187.500000,181.020004,185.649994,170.702667,286547800
2016-01-21,186.210007,188.869995,184.639999,186.690002,171.658951,195772900
2016-01-22,189.779999,190.759995,188.880005,190.520004,175.180557,168319600
2016-01-25,189.919998,190.149994,187.410004,187.639999,172.532410,130371700
2016-01-26,188.419998,190.529999,188.020004,190.199997,174.886322,141036800
2016-01-27,189.580002,191.559998,187.059998,188.130005,172.982971,185681700
2016-01-28,189.960007,190.199997,187.160004,189.110001,173.884079,143798800
2016-01-29,190.020004,193.880005,189.880005,193.720001,178.122925,210529300
2016-02-01,192.529999,194.580002,191.839996,193.649994,178.058563,136061600
2016-02-02,191.960007,191.970001,189.539993,190.160004,174.849518,182564900
2016-02-03,191.410004,191.779999,187.100006,191.300003,175.897781,205054900
2016-02-04,190.710007,192.750000,189.960007,191.600006,176.173599,139531800
2016-02-05,190.990005,191.669998,187.199997,187.949997,172.817490,180788300
2016-02-08,185.770004,186.119995,182.800003,185.419998,170.491180,191526700
2016-02-09,183.360001,186.940002,183.199997,185.429993,170.500397,184513100
2016-02-10,186.410004,188.339996,185.119995,185.270004,170.353256,148214100
2016-02-11,182.339996,184.100006,181.089996,182.860001,168.137314,219058900
2016-02-12,184.960007,186.649994,183.960007,186.630005,171.603775,127632400
2016-02-16,188.770004,189.809998,187.630005,189.779999,174.500122,120250700
2016-02-17,191.160004,193.320007,191.009995,192.880005,177.350540,136009500
2016-02-18,193.199997,193.270004,191.720001,192.089996,176.624146,102343000
2016-02-19,191.169998,192.179993,190.449997,192.000000,176.541397,114793000
2016-02-22,193.869995,194.949997,193.789993,194.779999,179.097595,103640300
2016-02-23,194.000000,194.320007,192.179993,192.320007,176.835663,111455300
2016-02-24,190.630005,193.529999,189.320007,193.199997,177.644791,150812200
2016-02-25,193.729996,195.550003,192.830002,195.539993,179.796402,110728300
2016-02-26,196.570007,196.679993,194.899994,195.089996,179.382599,129833700
2016-02-29,195.110001,196.229996,193.330002,193.559998,177.975800,125918100
2016-03-01,195.009995,198.210007,194.449997,198.110001,182.159454,141799700
2016-03-02,197.740005,199.059998,197.250000,199.000000,182.977829,102415000
2016-03-03,198.789993,199.800003,198.110001,199.779999,183.695023,95172200
2016-03-04,200.009995,201.350006,199.029999,200.429993,184.292694,129293600
2016-03-07,199.339996,201.070007,199.250000,200.589996,184.439819,100219000
2016-03-08,199.320007,199.919998,198.210007,198.399994,182.426147,123974900
2016-03-09,199.360001,199.789993,198.429993,199.380005,183.327209,94801200
2016-03-10,199.960007,201.070007,197.380005,199.539993,183.474319,156838700
2016-03-11,201.259995,202.809998,199.520004,202.759995,186.435089,137964500
2016-03-14,202.160004,203.039993,201.770004,202.500000,186.196030,73612000
2016-03-15,201.360001,202.529999,201.050003,202.169998,185.892593,93169100
2016-03-16,201.600006,203.820007,201.550003,203.339996,186.968353,129303200
2016-03-17,203.240005,205.229996,202.770004,204.630005,188.154526,134278500
2016-03-18,204.169998,204.779999,203.800003,204.380005,188.893906,138372400
2016-03-21,204.070007,204.940002,203.800003,204.669998,189.161911,72926700
2016-03-22,203.759995,205.229996,203.570007,204.559998,189.060226,97471900
2016-03-23,204.110001,204.330002,203.009995,203.210007,187.812531,81052500
2016-03-24,202.000000,203.160004,201.740005,203.119995,187.729385,84360900
2016-03-28,203.610001,203.860001,202.710007,203.240005,187.840271,62408200
2016-03-29,202.759995,205.250000,202.399994,205.119995,189.577805,92922900
2016-03-30,206.300003,206.869995,205.589996,206.020004,190.409622,86365300
2016-03-31,205.910004,206.410004,205.330002,205.520004,189.947510,94584100
2016-04-01,204.350006,207.139999,203.979996,206.919998,191.241440,114423500
2016-04-04,206.830002,207.070007,205.889999,206.250000,190.622208,63497000
2016-04-05,204.669998,206.259995,203.889999,204.190002,188.718277,99662200
2016-04-06,204.190002,206.490005,203.979996,206.419998,190.779312,91839800
2016-04-07,205.139999,205.559998,203.089996,203.949997,188.496506,113859000
2016-04-08,205.339996,205.850006,203.869995,204.500000,189.004791,95040600
2016-04-11,205.250000,206.070007,203.910004,204.020004,188.561172,83757500
2016-04-12,204.220001,206.250000,203.699997,205.919998,190.317200,115350600
2016-04-13,207.000000,208.100006,206.839996,208.000000,192.239639,96336400
2016-04-14,208.070007,208.600006,207.600006,208.009995,192.248856,65212900
2016-04-15,208.009995,208.169998,207.399994,207.779999,192.036240,75761600
2016-04-18,207.779999,209.279999,207.000000,209.240005,193.385651,82531000
2016-04-19,209.740005,210.199997,208.940002,209.899994,193.995651,88316100
2016-04-20,209.949997,210.919998,209.389999,210.100006,194.180496,81100300
2016-04-21,210.119995,210.250000,208.649994,208.970001,193.136108,85695000
2016-04-22,208.550003,209.289993,207.910004,208.970001,193.136108,99251700
2016-04-25,208.259995,208.660004,207.539993,208.610001,192.803375,66166500
2016-04-26,209.039993,209.520004,208.360001,208.919998,193.089905,75864200
2016-04-27,208.470001,209.809998,208.050003,209.350006,193.487305,77329400
2016-04-28,208.460007,209.759995,206.960007,207.449997,191.731232,97216200
2016-04-29,206.720001,207.130005,205.029999,206.330002,190.696152,142424100
2016-05-02,206.919998,208.179993,206.410004,207.970001,192.211884,62188000
2016-05-03,206.520004,206.800003,205.279999,206.160004,190.539017,106422100
2016-05-04,204.990005,205.850006,204.419998,205.009995,189.476181,92243800
2016-05-05,205.559998,205.979996,204.470001,204.970001,189.439209,67619200
2016-05-06,204.059998,205.770004,203.880005,205.720001,190.132370,89315000
2016-05-09,205.570007,206.399994,205.360001,205.889999,190.289505,74374900
2016-05-10,206.720001,208.470001,206.639999,208.449997,192.655502,77472200
2016-05-11,207.910004,208.539993,206.500000,206.500000,190.853241,81727000
2016-05-12,207.289993,207.490005,205.369995,206.559998,190.908691,89586300
2016-05-13,206.210007,206.860001,204.380005,204.759995,189.245087,96474600
2016-05-16,204.960007,207.339996,204.889999,206.779999,191.112045,77486800
2016-05-17,206.460007,206.800003,204.229996,204.850006,189.328308,114924900
2016-05-18,204.440002,206.300003,203.630005,204.910004,189.383728,120062100
2016-05-19,204.059998,204.539993,202.779999,204.199997,188.727509,115430500
2016-05-20,204.919998,206.100006,204.860001,205.490005,189.919800,104990400
2016-05-23,205.509995,205.839996,204.990005,205.210007,189.661026,58682600
2016-05-24,206.169998,208.240005,206.139999,207.869995,192.119461,93537800
2016-05-25,208.669998,209.770004,207.869995,209.279999,193.422607,76621400
2016-05-26,209.440002,209.710007,208.970001,209.339996,193.478058,55280700
2016-05-27,209.529999,210.250000,209.470001,210.240005,194.309891,64211200
2016-05-31,210.559998,210.690002,209.179993,209.839996,193.940231,109879400
2016-06-01,209.119995,210.479996,208.889999,210.270004,194.337631,69936200
2016-06-02,209.800003,210.929993,209.240005,210.910004,194.929138,63044700
2016-06-03,210.250000,210.690002,208.860001,210.279999,194.346832,101757100
2016-06-06,210.699997,211.770004,210.509995,211.350006,195.335800,64887000
2016-06-07,211.529999,212.339996,211.500000,211.679993,195.640747,60974800
2016-06-08,211.839996,212.520004,211.690002,212.369995,196.278503,66170900
2016-06-09,211.509995,212.220001,211.190002,212.080002,196.010452,73786900
2016-06-10,210.460007,210.860001,209.429993,210.070007,194.152771,113829200
2016-06-13,209.360001,210.369995,208.350006,208.449997,192.655502,117751200
2016-06-14,208.000000,208.740005,206.919998,208.039993,192.276550,125059300
2016-06-15,208.039993,209.360001,207.529999,207.750000,192.008530,109124500
2016-06-16,207.750000,208.570007,205.589996,208.369995,192.581558,149533100
2016-06-17,207.169998,207.199997,205.750000,206.520004,191.864365,117055700
2016-06-20,208.820007,209.610001,207.750000,207.850006,193.099930,82789600
2016-06-21,208.300003,208.919998,207.779999,208.440002,193.648132,72461700
2016-06-22,208.649994,209.500000,207.929993,208.100006,193.332230,95560500
2016-06-23,209.809998,210.869995,209.270004,210.809998,195.849930,102731400
2016-06-24,203.630005,210.850006,202.720001,203.240005,188.817093,333444400
2016-06-27,201.589996,201.600006,198.649994,199.600006,185.435425,230775800
2016-06-28,201.479996,203.229996,201.119995,203.199997,188.779968,159382400
2016-06-29,204.839996,206.929993,204.720001,206.660004,191.994431,137328600
2016-06-30,207.210007,209.539993,206.559998,209.479996,194.614304,165021900
2016-07-01,209.479996,210.490005,209.289993,209.919998,195.023087,106055300
2016-07-05,208.949997,209.080002,207.710007,208.410004,193.620224,109803700
2016-07-06,207.830002,209.800003,207.059998,209.660004,194.781509,96021500
2016-07-07,209.869995,210.649994,208.630005,209.529999,194.660767,85593800
2016-07-08,211.050003,212.940002,210.779999,212.649994,197.559341,133971000
2016-07-11,213.190002,214.070007,212.949997,213.399994,198.256134,73633900
2016-07-12,214.529999,215.300003,213.429993,214.949997,199.696121,101275600
2016-07-13,215.440002,215.449997,214.350006,214.919998,199.668243,87324100
2016-07-14,216.399994,216.669998,215.660004,216.119995,200.783112,91230900
2016-07-15,216.779999,217.009995,215.309998,215.830002,200.513687,107155400
2016-07-18,215.970001,216.600006,215.669998,216.410004,201.052505,58725900
2016-07-19,215.919998,216.229996,215.630005,216.190002,200.848099,54345700
2016-07-20,216.190002,217.369995,216.190002,217.089996,201.684250,58159500
2016-07-21,216.960007,217.220001,215.750000,216.270004,200.922470,67777300
2016-07-22,216.410004,217.300003,216.100006,217.240005,201.823639,62787500
2016-07-25,217.000000,217.059998,215.970001,216.649994,201.275482,55873100
2016-07-26,216.529999,217.169998,215.759995,216.750000,201.368347,70080500
2016-07-27,217.190002,217.270004,215.619995,216.520004,201.154709,84083900
2016-07-28,216.289993,217.110001,215.750000,216.770004,201.386963,65035700
2016-07-29,216.460007,217.539993,216.130005,217.119995,201.712112,79519400
2016-08-01,217.190002,217.649994,216.410004,216.940002,201.544922,73311400
2016-08-02,216.649994,216.830002,214.570007,215.550003,200.253510,92295500
2016-08-03,215.479996,216.250000,215.130005,216.179993,200.838837,53993600
2016-08-04,216.309998,216.779999,214.250000,216.410004,201.052505,46585500
2016-08-05,216.410004,218.229996,216.410004,218.179993,202.696899,71892200
2016-08-08,218.399994,218.520004,217.740005,218.050003,202.576111,39906500
2016-08-09,218.130005,218.759995,217.800003,218.179993,202.696899,51251700
2016-08-10,218.309998,218.399994,217.229996,217.639999,202.195236,57941100
2016-08-11,218.259995,218.940002,217.949997,218.649994,203.133560,72504300
2016-08-12,218.289993,218.710007,217.990005,218.460007,202.957031,61313500
2016-08-15,218.889999,219.500000,218.880005,219.089996,203.542328,49813500
2016-08-16,218.600006,218.679993,217.960007,217.960007,202.492538,53213600
2016-08-17,218.000000,218.529999,217.020004,218.369995,202.873413,75134300
2016-08-18,218.339996,218.899994,218.210007,218.860001,203.328659,52989300
2016-08-19,218.309998,218.750000,217.740005,218.539993,203.031342,75443000
2016-08-22,218.259995,218.800003,217.830002,218.529999,203.022064,61368800
2016-08-23,219.250000,219.600006,218.899994,218.970001,203.430847,53399200
2016-08-24,218.800003,218.910004,217.360001,217.850006,202.390350,71728900
2016-08-25,217.399994,218.190002,217.220001,217.699997,202.250961,69224800
2016-08-26,217.919998,219.119995,216.250000,217.289993,201.870071,122506300
2016-08-29,217.440002,218.669998,217.399994,218.360001,202.864105,70502200
2016-08-30,218.259995,218.589996,217.350006,218.000000,202.529678,58114500
2016-08-31,217.610001,217.750000,216.470001,217.380005,201.953690,85269500
2016-09-01,217.369995,217.729996,216.029999,217.389999,201.962982,97844200
2016-09-02,218.389999,218.869995,217.699997,218.369995,202.873413,79293900
2016-09-06,218.699997,219.119995,217.860001,219.029999,203.486588,56702100
2016-09-07,218.839996,219.220001,218.300003,219.009995,203.468002,76554900
2016-09-08,218.619995,218.940002,218.149994,218.509995,203.003494,74102900
2016-09-09,216.970001,217.029999,213.250000,213.279999,198.144638,221589100
2016-09-12,212.389999,216.809998,212.309998,216.339996,200.987488,168110900
2016-09-13,214.839996,215.149994,212.500000,213.229996,198.098160,182828800
2016-09-14,213.289993,214.699997,212.500000,213.149994,198.023834,134185500
2016-09-15,212.960007,215.729996,212.750000,215.279999,200.002716,134427900
2016-09-16,213.479996,213.690002,212.570007,213.369995,199.229568,155236400
2016-09-19,214.130005,214.880005,213.029999,213.410004,199.266891,80250500
2016-09-20,214.410004,214.589996,213.380005,213.419998,199.276260,69665300
2016-09-21,214.240005,216.029999,213.440002,215.820007,201.517212,110284400
2016-09-22,217.000000,217.529999,216.710007,217.179993,202.787064,76678700
2016-09-23,216.720001,216.880005,215.880005,215.990005,201.675934,73630900
2016-09-26,215.020004,215.229996,214.009995,214.240005,200.041931,89827300
2016-09-27,214.050003,215.679993,213.619995,215.570007,201.283798,78494800
2016-09-28,215.830002,216.820007,214.710007,216.639999,202.282867,87411000
2016-09-29,216.399994,216.869995,214.039993,214.679993,200.452789,128070600
2016-09-30,215.649994,217.119995,215.360001,216.300003,201.965393,117202900
2016-10-03,215.820007,216.039993,215.039993,215.779999,201.479828,83512100
2016-10-04,215.910004,216.169998,213.990005,214.679993,200.452789,119948100
2016-10-05,215.410004,216.130005,215.330002,215.630005,201.339813,72816000
2016-10-06,215.369995,216.039993,214.740005,215.779999,201.479828,62927400
2016-10-07,216.100006,216.300003,214.190002,215.039993,200.788910,89788300
2016-10-10,216.160004,216.699997,215.990005,216.160004,201.834702,51855000
2016-10-11,215.660004,215.740005,212.580002,213.429993,199.285583,130367400
2016-10-12,213.589996,214.320007,213.009995,213.710007,199.547043,73866100
2016-10-13,212.160004,213.589996,211.210007,213.009995,198.893433,101357000
2016-10-14,214.149994,214.690002,213.029999,213.119995,198.996170,93346200
2016-10-17,213.089996,213.389999,212.169998,212.380005,198.305176,58275700
2016-10-18,214.240005,214.309998,213.270004,213.710007,199.547043,76869700
2016-10-19,214.020004,214.639999,213.600006,214.279999,200.079285,66519200
2016-10-20,213.869995,214.529999,213.110001,213.880005,199.705765,73639800
2016-10-21,213.880005,214.080002,212.759995,213.979996,199.799149,89089100
2016-10-24,215.000000,215.320007,214.479996,214.889999,200.648819,60146600
2016-10-25,214.679993,214.979996,213.979996,214.169998,199.976563,66542300
2016-10-26,213.210007,214.419998,212.929993,213.740005,199.575058,75705500
2016-10-27,214.580002,214.619995,213.080002,213.169998,199.042862,77220200
2016-10-28,213.139999,213.929993,211.710007,212.539993,198.454559,140623200
2016-10-31,212.929993,213.190002,212.360001,212.550003,198.463913,61272500
2016-11-01,212.929993,212.990005,209.600006,211.009995,197.025970,122781800
2016-11-02,210.649994,211.100006,209.229996,209.740005,195.840149,103330800
2016-11-03,209.990005,210.240005,208.460007,208.779999,194.943741,88939300
2016-11-04,208.910004,209.889999,208.380005,208.550003,194.729034,109122100
2016-11-07,208.550003,213.190002,208.550003,213.149994,199.024124,109794900
2016-11-08,212.690002,214.770004,212.380005,214.110001,199.920517,106772100
2016-11-09,212.369995,217.100006,212.339996,216.380005,202.040115,258429000
2016-11-10,217.300003,218.309998,215.220001,216.919998,202.544296,172113300
2016-11-11,216.080002,216.699997,215.320007,216.419998,202.077454,100552700
2016-11-14,217.029999,217.270004,215.720001,216.589996,202.236176,94580000
2016-11-15,217.039993,218.279999,216.800003,218.279999,203.814178,91652600
2016-11-16,217.559998,218.139999,217.419998,217.869995,203.431366,65617700
2016-11-17,218.050003,219.059998,217.919998,218.990005,204.477142,69797200
2016-11-18,219.070007,219.270004,218.289993,218.500000,204.019608,86265800
2016-11-21,219.169998,220.179993,219.000000,220.149994,205.560242,72402600
2016-11-22,220.509995,220.789993,219.729996,220.580002,205.961761,67429000
2016-11-23,219.979996,220.759995,219.750000,220.699997,206.073807,56620200
2016-11-25,221.100006,221.559998,221.009995,221.520004,206.839462,37872300
2016-11-28,221.160004,221.479996,220.360001,220.479996,205.868362,76572500
2016-11-29,220.520004,221.440002,220.169998,220.910004,206.269852,69886700
2016-11-30,221.630005,221.820007,220.309998,220.380005,205.775024,113291800
2016-12-01,220.729996,220.729996,219.149994,219.570007,205.018677,79040500
2016-12-02,219.669998,220.250000,219.259995,219.679993,205.121384,74840300
2016-12-05,220.649994,221.399994,220.419998,221.000000,206.353928,67837800
2016-12-06,221.220001,221.740005,220.660004,221.699997,207.007538,59877400
2016-12-07,221.520004,224.669998,221.380005,224.600006,209.715347,110738100
2016-12-08,224.570007,225.699997,224.259995,225.149994,210.228882,99714400
2016-12-09,225.410004,226.529999,225.369995,226.509995,211.498764,88005800
2016-12-12,226.399994,226.960007,225.759995,226.250000,211.255997,102016100
2016-12-13,227.020004,228.339996,227.000000,227.759995,212.665939,110477500
2016-12-14,227.410004,228.229996,225.369995,225.880005,210.910522,142501800
2016-12-15,226.160004,227.809998,225.889999,226.809998,211.778885,124972600
2016-12-16,226.009995,226.080002,224.669998,225.039993,211.364670,156420200
2016-12-19,225.250000,226.020004,225.080002,225.529999,211.824890,90341100
2016-12-20,226.149994,226.570007,225.880005,226.399994,212.642044,89838800
2016-12-21,226.250000,226.449997,225.770004,225.770004,212.050323,67909000
2016-12-22,225.600006,225.740005,224.919998,225.380005,211.683990,56219100
2016-12-23,225.429993,225.720001,225.210007,225.710007,211.993973,36697800
2016-12-27,226.020004,226.729996,226.000000,226.270004,212.519958,42672500
2016-12-28,226.570007,226.589996,224.270004,224.399994,210.763565,64095000
2016-12-29,224.479996,224.889999,223.839996,224.350006,210.716599,48696100
2016-12-30,224.729996,224.830002,222.729996,223.529999,209.946442,108998300
2017-01-03,225.039993,225.830002,223.880005,225.240005,211.552551,91366500
2017-01-04,225.619995,226.750000,225.610001,226.580002,212.811111,78744400
2017-01-05,226.270004,226.580002,225.479996,226.399994,212.642044,78379000
2017-01-06,226.529999,227.750000,225.899994,227.210007,213.402817,71559900
2017-01-09,226.910004,227.070007,226.419998,226.460007,212.698441,46939700
2017-01-10,226.479996,227.449997,226.009995,226.460007,212.698441,63771900
2017-01-11,226.360001,227.100006,225.589996,227.100006,213.299500,74650000
2017-01-12,226.500000,226.750000,224.960007,226.529999,212.764145,72113200
2017-01-13,226.729996,227.399994,226.690002,227.050003,213.252518,62717900
2017-01-17,226.309998,226.779999,225.800003,226.250000,212.501144,61240800
2017-01-18,226.539993,226.800003,225.899994,226.750000,212.970779,54793300
2017-01-19,226.839996,227.000000,225.410004,225.910004,212.181824,66608800
2017-01-20,226.699997,227.309998,225.970001,226.740005,212.961365,129168600
2017-01-23,226.740005,226.809998,225.270004,226.149994,212.407181,75061600
2017-01-24,226.399994,228.080002,226.270004,227.600006,213.769119,95555300
2017-01-25,228.699997,229.570007,228.509995,229.570007,215.619400,84437700
2017-01-26,229.399994,229.710007,229.009995,229.330002,215.394012,59970700
2017-01-27,229.419998,229.589996,228.759995,228.970001,215.055878,59711100
2017-01-30,228.169998,228.199997,226.410004,227.550003,213.722153,79737300
2017-01-31,226.979996,227.600006,226.320007,227.529999,213.703400,75880800
2017-02-01,227.529999,228.589996,226.940002,227.619995,213.787903,79117700
2017-02-02,227.619995,228.100006,226.820007,227.770004,213.928772,69657600
2017-02-03,228.820007,229.550003,228.460007,229.339996,215.403397,80563200
2017-02-06,228.869995,229.330002,228.539993,228.929993,215.018295,57790100
2017-02-07,229.380005,229.660004,228.720001,228.940002,215.027695,57931200
2017-02-08,228.940002,229.389999,228.309998,229.240005,215.309464,51566200
2017-02-09,229.240005,230.949997,229.240005,230.600006,216.586807,65955200
2017-02-10,231.000000,231.770004,230.619995,231.509995,217.441498,66015900
2017-02-13,232.080002,233.070007,232.050003,232.770004,218.624969,55182100
2017-02-14,232.559998,233.710007,232.160004,233.699997,219.498444,71109000
2017-02-15,233.449997,235.139999,233.389999,234.919998,220.644287,86785800
2017-02-16,234.949997,235.160004,233.850006,234.720001,220.456467,84722400
2017-02-17,233.949997,235.089996,233.929993,235.089996,220.803970,77204100
2017-02-21,235.520004,236.690002,235.509995,236.490005,222.118896,88946100
2017-02-22,236.020004,236.539993,235.830002,236.279999,221.921646,62115200
2017-02-23,236.880005,236.899994,235.559998,236.440002,222.071915,74615900
2017-02-24,235.460007,236.789993,235.410004,236.740005,222.353714,82381600
2017-02-27,236.639999,237.309998,236.350006,237.110001,222.701218,56515400
2017-02-28,236.669998,236.949997,236.020004,236.470001,222.100098,96961900
2017-03-01,238.389999,240.320007,238.369995,239.779999,225.208954,149158200
2017-03-02,239.559998,239.570007,238.210007,238.270004,223.790726,70246000
2017-03-03,238.169998,238.610001,237.729996,238.419998,223.931625,81974300
2017-03-06,237.500000,238.119995,237.009995,237.710007,223.264771,55391500
2017-03-07,237.360001,237.770004,236.759995,237.000000,222.597885,65103700
2017-03-08,237.339996,237.639999,236.399994,236.559998,222.184616,78168800
2017-03-09,236.699997,237.240005,235.740005,236.860001,222.466400,90683900
2017-03-10,237.970001,238.020004,236.589996,237.690002,223.245941,81991700
2017-03-13,237.619995,237.860001,237.240005,237.809998,223.358673,57256800
2017-03-14,237.179993,237.240005,236.190002,236.899994,222.503952,59880800
2017-03-15,237.559998,239.440002,237.289993,238.949997,224.429382,96081800
2017-03-16,239.110001,239.199997,238.100006,238.479996,223.987976,78344000
2017-03-17,237.750000,237.970001,237.029999,237.029999,223.594589,89002100
2017-03-20,237.029999,237.360001,236.320007,236.770004,223.349350,52537000
2017-03-21,237.470001,237.610001,233.580002,233.729996,220.481628,131809300
2017-03-22,233.770004,234.610001,233.050003,234.279999,221.000458,97569200
2017-03-23,234.279999,235.339996,233.600006,234.029999,220.764664,100410300
2017-03-24,234.380005,235.039993,232.960007,233.860001,220.604263,112504900
2017-03-27,231.929993,233.919998,231.610001,233.619995,220.377869,87454500
2017-03-28,233.270004,235.809998,233.139999,235.320007,221.981522,93483900
2017-03-29,234.990005,235.809998,234.729996,235.539993,222.189041,61950400
2017-03-30,235.470001,236.520004,235.270004,236.289993,222.896545,56737900
2017-03-31,235.899994,236.509995,235.679993,235.740005,222.377731,73733100
2017-04-03,235.800003,236.029999,233.910004,235.330002,221.990952,85546500
2017-04-04,235.000000,235.580002,234.559998,235.479996,222.132416,56466200
2017-04-05,236.259995,237.389999,234.539993,234.779999,221.472153,108800600
2017-04-06,234.940002,236.039993,234.429993,235.440002,222.094757,69135800
2017-04-07,235.149994,236.000000,234.639999,235.199997,221.868301,74412300
2017-04-10,235.360001,236.259995,234.729996,235.339996,222.000397,67615300
2017-04-11,234.899994,235.179993,233.339996,235.059998,221.736267,88045300
2017-04-12,234.740005,234.960007,233.770004,234.029999,220.764664,81864400
2017-04-13,233.639999,234.490005,232.509995,232.509995,219.330795,92880400
2017-04-17,233.110001,234.570007,232.880005,234.570007,221.274033,68405400
2017-04-18,233.720001,234.490005,233.080002,233.869995,220.613693,83225800
2017-04-19,234.520004,234.949997,233.179993,233.440002,220.208084,68699900
2017-04-20,234.149994,235.850006,233.779999,235.339996,222.000397,92572200
2017-04-21,235.250000,235.309998,234.130005,234.589996,221.292892,110389800
2017-04-24,237.179993,237.410004,234.559998,237.169998,223.726654,119209900
2017-04-25,237.910004,238.949997,237.809998,238.550003,225.028427,76698300
2017-04-26,238.509995,239.529999,238.350006,238.399994,224.886948,84702500
2017-04-27,238.770004,238.949997,237.979996,238.600006,225.075592,57410300
2017-04-28,238.899994,238.929993,237.929993,238.080002,224.585098,63532800
2017-05-01,238.679993,239.169998,238.199997,238.679993,225.151047,66882500
2017-05-02,238.839996,238.979996,238.300003,238.770004,225.235947,57375700
2017-05-03,238.770004,238.880005,237.699997,238.479996,224.962402,73137700
2017-05-04,238.830002,238.919998,237.779999,238.759995,225.226547,61462700
2017-05-05,239.190002,239.720001,238.679993,239.699997,226.113251,62001300
2017-05-08,239.750000,239.919998,239.169998,239.660004,226.075531,48385700
2017-05-09,239.960007,240.190002,239.039993,239.440002,225.867981,51363200
2017-05-10,239.389999,239.869995,239.149994,239.869995,226.273605,54293800
2017-05-11,239.350006,239.570007,238.130005,239.380005,225.811401,62358300
2017-05-12,239.089996,239.429993,238.669998,238.979996,225.434036,53912700
2017-05-15,239.470001,240.440002,239.449997,240.300003,226.679245,61918900
2017-05-16,240.639999,240.669998,239.630005,240.080002,226.471695,51241800
2017-05-17,240.080002,240.080002,235.750000,235.820007,222.453186,172174100
2017-05-18,235.729996,237.750000,235.429993,236.770004,223.349350,107047700
2017-05-19,237.330002,239.080002,237.270004,238.309998,224.802032,115011400
2017-05-22,238.899994,239.710007,238.820007,239.520004,225.943451,61010600
2017-05-23,239.949997,240.240005,239.509995,240.050003,226.443420,48341700
2017-05-24,240.320007,240.729996,239.929993,240.610001,226.971680,46927700
2017-05-25,241.199997,242.080002,240.960007,241.759995,228.056458,64071700
2017-05-26,241.539993,241.899994,241.449997,241.710007,228.009308,46629900
2017-05-30,241.339996,241.789993,241.160004,241.500000,227.811218,35201900
2017-05-31,241.839996,241.880005,240.639999,241.440002,227.754623,91796000
2017-06-01,241.970001,243.380005,241.639999,243.360001,229.565781,68962000
2017-06-02,243.419998,244.350006,243.080002,244.169998,230.329880,88666100
2017-06-05,243.970001,244.300003,243.759995,243.990005,230.160095,44698800
2017-06-06,243.339996,243.979996,243.119995,243.210007,229.424271,50375400
2017-06-07,243.600006,243.919998,242.830002,243.660004,229.848801,54144300
2017-06-08,243.770004,244.330002,243.169998,243.779999,229.961990,65950700
2017-06-09,244.089996,245.009995,241.949997,243.410004,229.612976,132256400
2017-06-12,243.130005,243.419998,242.380005,243.360001,229.565781,86108100
2017-06-13,243.979996,244.610001,243.580002,244.550003,230.688370,60067000
2017-06-14,244.860001,244.869995,243.289993,244.240005,230.395905,78602300
2017-06-15,242.679993,243.910004,242.360001,243.770004,229.952576,66464900
2017-06-16,242.770004,242.830002,241.630005,242.639999,230.002808,84553100
2017-06-19,243.589996,244.729996,243.479996,244.660004,231.917603,65123800
2017-06-20,244.250000,244.259995,242.990005,243.009995,230.353531,56906400
2017-06-21,243.460007,243.589996,242.410004,242.949997,230.296646,55977600
2017-06-22,242.960007,243.529999,242.639999,242.839996,230.192368,44148100
2017-06-23,242.910004,243.509995,242.470001,243.130005,230.467270,66986800
2017-06-26,243.899994,244.380005,243.050003,243.289993,230.618942,56700500
2017-06-27,243.039993,243.380005,241.309998,241.330002,228.761017,82247700
2017-06-28,242.500000,243.720001,242.229996,243.490005,230.808517,70042600
2017-06-29,243.660004,243.720001,239.960007,241.350006,228.779968,106949700
2017-06-30,242.279999,242.710007,241.580002,241.800003,229.206543,86820700
2017-07-03,242.880005,243.380005,242.210007,242.210007,229.595200,39153800
2017-07-05,242.630005,243.009995,241.699997,242.770004,230.126022,54427600
2017-07-06,241.889999,242.029999,240.339996,240.550003,228.021637,65400800
2017-07-07,241.210007,242.279999,240.559998,242.110001,229.500397,57972300
2017-07-10,242.110001,242.800003,241.759995,242.369995,229.746841,36663300
2017-07-11,242.369995,242.550003,240.850006,242.190002,229.576218,50354600
2017-07-12,243.300003,244.199997,243.300003,244.009995,231.301437,59610400
2017-07-13,244.020004,244.550003,243.759995,244.419998,231.690079,39471600
2017-07-14,244.419998,245.970001,244.309998,245.559998,232.770706,60262700
2017-07-17,245.470001,245.910004,245.330002,245.529999,232.742279,33531900
2017-07-18,245.059998,245.720001,244.669998,245.660004,232.865509,42742500
2017-07-19,246.020004,247.000000,246.009995,246.990005,234.126236,51034300
2017-07-20,247.279999,247.419998,246.470001,247.100006,234.230499,47135200
2017-07-21,246.440002,246.910004,246.179993,246.880005,234.021988,82340800
2017-07-24,246.789993,246.979996,246.279999,246.820007,233.965088,46622300
2017-07-25,247.679993,247.800003,247.160004,247.419998,234.533844,54915600
2017-07-26,247.750000,247.789993,247.130005,247.429993,234.543335,47575400
2017-07-27,247.960007,248.000000,245.679993,247.199997,234.325287,70766600
2017-07-28,246.649994,247.059998,246.130005,246.910004,234.050400,50088400
2017-07-31,247.369995,247.479996,246.529999,246.770004,233.917709,65838700
2017-08-01,247.460007,247.500000,246.720001,247.320007,234.439072,55050400
2017-08-02,247.470001,247.600006,246.369995,247.440002,234.552811,47211200
2017-08-03,247.309998,247.339996,246.639999,246.960007,234.097809,40856000
2017-08-04,247.520004,247.789993,246.970001,247.410004,234.524384,60191800
2017-08-07,247.490005,247.869995,247.369995,247.869995,234.960403,31995000
2017-08-08,247.509995,248.910004,246.830002,247.259995,234.382172,61719400
2017-08-09,246.470001,247.309998,246.059998,247.250000,234.372696,62632600
2017-08-10,246.289993,246.440002,243.699997,243.759995,231.064468,120479500
2017-08-11,244.020004,244.800003,243.750000,244.119995,231.405685,74869900
2017-08-14,245.589996,246.789993,245.550003,246.539993,233.699646,73291900
2017-08-15,246.979996,247.000000,246.160004,246.509995,233.671234,55242700
2017-08-16,247.110001,247.570007,246.449997,246.940002,234.078857,56715500
2017-08-17,246.240005,246.600006,243.089996,243.089996,230.429352,128490400
2017-08-18,242.899994,244.190002,242.199997,242.710007,230.069153,136748000
2017-08-21,242.639999,243.199997,241.830002,242.899994,230.249237,65469700
2017-08-22,243.570007,245.619995,243.550003,245.440002,232.656952,63140100
2017-08-23,244.330002,245.050003,244.160004,244.559998,231.822830,50203800
2017-08-24,245.000000,245.179993,243.750000,243.990005,231.282516,50741700
2017-08-25,244.899994,245.610001,244.389999,244.559998,231.822830,64445900
2017-08-28,245.169998,245.199997,244.089996,244.570007,231.832291,40565600
2017-08-29,243.059998,245.149994,242.929993,244.850006,232.097702,51135700
2017-08-30,244.830002,246.320007,244.619995,246.009995,233.197266,62030800
2017-08-31,246.720001,247.770004,246.050003,247.490005,234.600220,103803900
2017-09-01,247.919998,248.330002,247.669998,247.839996,234.931976,62007000
2017-09-05,247.259995,247.520004,244.949997,246.059998,233.244644,91398800
2017-09-06,246.839996,247.279999,246.229996,246.899994,234.040894,57916900
2017-09-07,247.250000,247.270004,246.399994,246.869995,234.012497,58034700
2017-09-08,246.539993,247.110001,246.300003,246.580002,233.737595,63832800
2017-09-11,248.039993,249.300003,248.020004,249.210007,236.230591,71364800
2017-09-12,249.630005,250.089996,249.419998,250.050003,237.026871,56896000
2017-09-13,249.720001,250.210007,249.589996,250.169998,237.140625,59228000
2017-09-14,249.800003,250.320007,249.600006,250.089996,237.064804,95446300
2017-09-15,248.690002,249.289993,248.570007,249.190002,237.383911,95432400
2017-09-18,249.610001,250.119995,249.279999,249.720001,237.888794,46235200
2017-09-19,250.000000,250.070007,249.600006,249.970001,238.126953,47108100
2017-09-20,250.070007,250.190002,248.919998,250.059998,238.212692,59574100
2017-09-21,249.880005,249.979996,249.190002,249.389999,237.574432,48211400
2017-09-22,249.050003,249.630005,249.020004,249.440002,237.622086,51214000
2017-09-25,249.149994,249.550003,248.080002,248.929993,237.136246,57064400
2017-09-26,249.419998,249.699997,248.809998,249.080002,237.279129,54082000
2017-09-27,249.880005,250.490005,248.869995,250.050003,238.203171,81001400
2017-09-28,249.729996,250.440002,249.630005,250.350006,238.488953,44778800
2017-09-29,250.339996,251.320007,250.130005,251.229996,239.327286,85578000
2017-10-02,251.490005,252.320007,251.289993,252.320007,240.365631,59023000
2017-10-03,252.320007,252.889999,252.229996,252.860001,240.880035,66810200
2017-10-04,252.690002,253.440002,252.559998,253.160004,241.165848,55953600
2017-10-05,253.539993,254.679993,253.199997,254.660004,242.594788,63522800
2017-10-06,254.149994,254.699997,253.850006,254.369995,242.318481,80646000
2017-10-09,254.630005,254.699997,253.649994,253.949997,241.918411,35803100
2017-10-10,254.600006,255.050003,253.979996,254.619995,242.556656,43057400
2017-10-11,254.509995,255.020004,254.320007,255.020004,242.937698,47674300
2017-10-12,254.660004,255.059998,254.369995,254.639999,242.575699,47065100
2017-10-13,255.139999,255.270004,254.639999,254.949997,242.871048,54800400
2017-10-16,255.210007,255.509995,254.820007,255.289993,243.194901,38221700
2017-10-17,255.229996,255.520004,254.979996,255.470001,243.366379,31561000
2017-10-18,255.899994,255.949997,255.500000,255.720001,243.604538,40888300
2017-10-19,254.830002,255.830002,254.350006,255.789993,243.671219,61903800
2017-10-20,256.700012,257.140015,255.770004,257.109985,244.928680,89176400
2017-10-23,257.480011,257.510010,256.019989,256.109985,243.976059,63915300
2017-10-24,256.600006,256.829987,256.149994,256.559998,244.404739,66935900
2017-10-25,256.179993,256.309998,254.000000,255.289993,243.194901,103715300
2017-10-26,255.990005,256.299988,255.479996,255.619995,243.509277,69798000
2017-10-27,256.470001,257.890015,255.630005,257.709991,245.500259,85562500
2017-10-30,256.470001,257.600006,256.410004,256.750000,244.585739,54285700
2017-10-31,257.179993,257.440002,256.809998,257.149994,244.966751,60304800
2017-11-01,258.040009,258.429993,257.070007,257.489990,245.290665,54202700
2017-11-02,257.410004,257.750000,256.190002,257.589996,245.385941,56449500
2017-11-03,257.769989,258.500000,257.299988,258.450012,246.205215,59589700
2017-11-06,258.299988,259.000000,258.220001,258.850006,246.586258,49652600
2017-11-07,258.970001,259.350006,258.089996,258.670013,246.414795,57502200
2017-11-08,258.470001,259.220001,258.149994,259.109985,246.833908,50469600
2017-11-09,257.730011,258.390015,256.359985,258.170013,245.938461,95085500
2017-11-10,257.730011,258.290009,257.369995,258.089996,245.862244,59984700
2017-11-13,257.309998,258.589996,257.269989,258.329987,246.090866,50228600
2017-11-14,257.410004,257.850006,256.519989,257.730011,245.519302,61315200
2017-11-15,256.619995,257.220001,255.630005,256.440002,244.290451,80811500
2017-11-16,257.519989,259.040009,257.470001,258.619995,246.367157,67777000
2017-11-17,258.220001,258.589996,257.769989,257.859985,245.643143,75756800
2017-11-20,258.140015,258.519989,257.859985,258.299988,246.062271,48075500
2017-11-21,259.179993,260.200012,258.260010,259.989990,247.672241,69176800
2017-11-22,260.000000,260.149994,259.570007,259.760010,247.453156,45033400
2017-11-24,260.320007,260.480011,260.160004,260.359985,248.024689,27856500
2017-11-27,260.410004,260.750000,260.000000,260.230011,247.900864,52274900
2017-11-28,260.760010,262.899994,260.649994,262.869995,250.415802,98971700
2017-11-29,263.019989,263.630005,262.200012,262.709991,250.263382,77512100
2017-11-30,263.760010,266.049988,263.670013,265.010010,252.454422,127894400
2017-12-01,264.760010,265.309998,260.760010,264.459991,251.930466,164390900
2017-12-04,266.309998,266.799988,264.079987,264.140015,251.625641,94040600
2017-12-05,263.190002,265.149994,263.040009,263.190002,250.720612,77994500
2017-12-06,263.299988,263.730011,262.709991,263.239990,250.768280,75898600
2017-12-07,264.070007,264.429993,262.940002,264.070007,251.558929,77218600
2017-12-08,265.160004,265.519989,264.029999,265.510010,252.930740,76563900
2017-12-11,266.309998,266.380005,265.480011,266.309998,253.692825,83077500
2017-12-12,267.209991,267.320007,266.350006,266.779999,254.140533,85195800
2017-12-13,267.059998,267.559998,266.649994,266.750000,254.111984,102905400
2017-12-14,267.089996,267.220001,265.600006,265.660004,253.073624,100666700
2017-12-15,265.450012,267.040009,265.390015,266.510010,255.181091,144610300
2017-12-18,268.100006,268.600006,267.980011,268.200012,256.799225,83653600
2017-12-19,268.480011,268.529999,267.089996,267.170013,255.813004,82382900
2017-12-20,268.269989,268.329987,266.690002,267.029999,255.678925,76751500
2017-12-21,267.739990,268.390015,267.299988,267.579987,256.205536,67032300
2017-12-22,267.600006,267.640015,266.899994,267.510010,256.138550,78720900
2017-12-26,267.049988,267.440002,266.890015,267.190002,255.832169,45244400
2017-12-27,267.380005,267.730011,267.010010,267.320007,255.956604,57751000
2017-12-28,267.890015,267.920013,267.450012,267.869995,256.483246,45116100
2017-12-29,268.529999,268.549988,266.640015,266.859985,255.516174,96007400
2018-01-02,267.839996,268.809998,267.399994,268.769989,257.345001,86655700
2018-01-03,268.959991,270.640015,268.959991,270.470001,258.972717,90070400
2018-01-04,271.200012,272.160004,270.540009,271.609985,260.064240,80636400
2018-01-05,272.510010,273.559998,271.950012,273.420013,261.797302,83524000
2018-01-08,273.309998,274.100006,272.980011,273.920013,262.276093,57319200
2018-01-09,274.399994,275.250000,274.079987,274.540009,262.869720,57254000
2018-01-10,273.679993,274.420013,272.920013,274.119995,262.467529,69574300
2018-01-11,274.750000,276.119995,274.559998,276.119995,264.382507,62361500
2018-01-12,276.420013,278.109985,276.079987,277.920013,266.106049,90816100
2018-01-16,279.350006,280.089996,276.179993,276.970001,265.196442,106555100
2018-01-17,278.029999,280.049988,276.970001,279.609985,267.724121,113258800
2018-01-18,279.480011,279.959991,278.579987,279.140015,267.274200,100728000
2018-01-19,279.799988,280.410004,279.140015,280.410004,268.490173,140920100
2018-01-22,280.170013,282.690002,280.109985,282.690002,270.673279,91322400
2018-01-23,282.739990,283.619995,282.369995,283.290009,271.247772,97084700
2018-01-24,284.019989,284.700012,281.839996,283.179993,271.142456,134816100
2018-01-25,284.160004,284.269989,282.399994,283.299988,271.257324,84587300
2018-01-26,284.250000,286.630005,283.959991,286.579987,274.397858,107743100
2018-01-29,285.929993,286.429993,284.500000,284.679993,272.578674,90118300
2018-01-30,282.600006,284.739990,281.220001,281.760010,269.782837,131796400
2018-01-31,282.730011,283.299988,280.679993,281.899994,269.916779,108364800
2018-02-01,281.070007,283.059998,280.679993,281.579987,269.610474,90102500
2018-02-02,280.079987,280.230011,275.410004,275.450012,263.741058,173174800
2018-02-05,273.450012,275.850006,263.309998,263.929993,252.710663,294681800
2018-02-06,259.940002,269.700012,258.700012,269.130005,257.689697,355026800
2018-02-07,268.500000,272.359985,267.579987,267.670013,256.291748,167376100
2018-02-08,268.010010,268.170013,257.589996,257.630005,246.678558,246449500
2018-02-09,260.799988,263.609985,252.919998,261.500000,250.384048,283565300
2018-02-12,263.829987,267.010010,261.660004,265.339996,254.060822,143736000
2018-02-13,263.970001,266.619995,263.309998,266.000000,254.692734,81223600
2018-02-14,264.309998,270.000000,264.299988,269.589996,258.130157,120735700
2018-02-15,271.570007,273.040009,268.769989,273.029999,261.423859,111200300
2018-02-16,272.320007,275.320007,272.269989,273.109985,261.500488,160420100
2018-02-20,272.029999,273.670013,270.500000,271.399994,259.863190,86369700
2018-02-21,271.899994,274.720001,269.940002,270.049988,258.570557,98883700
2018-02-22,271.100006,273.049988,269.640015,270.399994,258.905701,110511300
2018-02-23,271.790009,274.709991,271.250000,274.709991,263.032471,92766400
2018-02-26,275.929993,278.010010,275.260010,277.899994,266.086884,86491400
2018-02-27,278.109985,278.920013,274.359985,274.429993,262.764404,99099200
2018-02-28,275.679993,276.190002,271.290009,271.649994,260.102539,121907800
2018-03-01,271.410004,273.170013,266.000000,267.700012,256.320496,176855100
2018-03-02,265.799988,269.720001,264.820007,269.079987,257.641815,139083200
2018-03-05,267.730011,272.890015,267.609985,272.190002,260.619568,97307400
2018-03-06,273.299988,273.390015,271.179993,272.880005,261.280273,79213200
2018-03-07,270.420013,273.179993,270.200012,272.779999,261.184570,87063500
2018-03-08,273.549988,274.239990,272.420013,274.100006,262.448425,66901200
2018-03-09,275.700012,278.869995,275.339996,278.869995,267.015686,113625300
2018-03-12,279.200012,279.910004,278.079987,278.519989,266.680542,71924800
2018-03-13,279.839996,280.410004,276.029999,276.720001,264.957031,91968900
2018-03-14,277.809998,278.019989,274.670013,275.299988,263.597351,105895100
2018-03-15,275.880005,276.609985,274.429993,275.000000,263.310150,83433000
2018-03-16,274.500000,275.390015,274.140015,274.200012,263.595703,100343700
2018-03-19,273.350006,274.399994,268.619995,270.489990,260.029114,109208400
2018-03-20,270.940002,271.670013,270.179993,270.950012,260.471405,59757300
2018-03-21,270.899994,273.269989,270.190002,270.429993,259.971466,78709600
2018-03-22,267.910004,268.869995,263.359985,263.670013,253.472916,148785900
2018-03-23,264.170013,264.540009,257.829987,258.049988,248.070251,183534800
2018-03-26,262.130005,265.429993,259.410004,265.109985,254.857224,141956100
2018-03-27,266.170013,266.769989,258.839996,260.600006,250.521652,129941400
2018-03-28,260.750000,262.640015,258.579987,259.829987,249.781372,146452300
2018-03-29,261.119995,265.260010,259.839996,263.149994,252.973022,111601600
2018-04-02,262.549988,263.130005,254.669998,257.470001,247.512665,186286300
2018-04-03,258.869995,261.309998,256.839996,260.769989,250.685059,119956900
2018-04-04,256.750000,264.359985,256.600006,263.559998,253.367157,123715300
2018-04-05,265.549988,266.640015,264.320007,265.640015,255.366730,82652600
2018-04-06,263.420013,265.109985,258.000000,259.720001,249.675644,179521200
2018-04-09,261.369995,264.839996,259.940002,261.000000,250.906128,105442900
2018-04-10,264.269989,266.040009,262.980011,265.149994,254.895630,103529000
2018-04-11,263.470001,265.640015,263.390015,263.760010,253.559464,91140200
2018-04-12,265.260010,267.000000,265.059998,265.929993,255.645523,68890500
2018-04-13,267.410004,267.540009,264.010010,265.149994,254.895630,85079200
2018-04-16,267.000000,268.200012,266.070007,267.329987,256.991364,63405300
2018-04-17,269.329987,270.869995,268.750000,270.190002,259.740753,64682000
2018-04-18,270.690002,271.299988,269.869995,270.390015,259.933044,57303900
2018-04-19,269.649994,269.880005,267.720001,268.890015,258.491058,77655900
2018-04-20,268.809998,269.059998,265.609985,266.609985,256.299194,99953100
2018-04-23,267.260010,267.890015,265.350006,266.570007,256.260742,65558000
2018-04-24,267.730011,267.980011,261.279999,262.980011,252.809601,112885500
2018-04-25,262.910004,264.130005,260.850006,263.630005,253.434433,103840900
2018-04-26,264.790009,267.250000,264.290009,266.309998,256.010803,67731900
2018-04-27,267.000000,267.339996,265.500000,266.559998,256.251160,57053600
2018-04-30,267.260010,267.890015,264.429993,264.510010,254.280426,82182300
2018-05-01,263.869995,265.100006,262.109985,264.980011,254.732254,74203400
2018-05-02,264.760010,265.679993,262.760010,263.200012,253.021103,86368900
2018-05-03,262.260010,263.359985,259.049988,262.619995,252.463531,136311500
2018-05-04,261.519989,266.790009,261.149994,266.019989,255.731979,91222100
2018-05-07,266.890015,268.019989,266.109985,266.920013,256.597229,55304900
2018-05-08,266.500000,267.329987,265.149994,266.920013,256.597229,67499200
2018-05-09,267.679993,269.869995,267.089996,269.500000,259.077454,59666100
2018-05-10,270.339996,272.390015,270.220001,272.019989,261.499969,72063900
2018-05-11,272.160004,273.149994,271.579987,272.850006,262.297882,59871500
2018-05-14,273.339996,274.079987,272.359985,272.980011,262.422882,54790600
2018-05-15,271.589996,271.609985,270.029999,271.100006,260.615570,87036100
2018-05-16,271.140015,272.760010,271.109985,272.239990,261.711456,53942600
2018-05-17,271.940002,273.230011,271.130005,272.010010,261.490387,56536400
2018-05-18,271.619995,272.029999,270.929993,271.329987,260.836639,64368000
2018-05-21,273.010010,273.980011,272.570007,273.369995,262.797729,58025900
2018-05-22,273.959991,274.250000,272.239990,272.609985,262.067108,52966400
2018-05-23,271.170013,273.390015,270.989990,273.359985,262.788147,64694200
2018-05-24,272.910004,273.220001,270.779999,272.799988,262.249786,76043800
2018-05-25,272.149994,272.859985,271.579987,272.149994,261.624939,56374800
2018-05-29,270.309998,271.170013,267.760010,269.019989,258.615997,115908600
2018-05-30,270.500000,273.109985,270.420013,272.609985,262.067108,69678400
2018-05-31,272.149994,272.489990,270.260010,270.940002,260.461731,93519900
2018-06-01,272.410004,273.940002,272.329987,273.600006,263.018860,71258400
2018-06-04,274.529999,275.190002,274.260010,274.899994,264.268585,45385200
2018-06-05,275.049988,275.529999,274.179993,275.100006,264.460876,51135000
2018-06-06,275.790009,277.519989,275.089996,277.399994,266.671906,62732200
2018-06-07,277.950012,278.279999,276.339996,277.369995,266.643097,72969400
2018-06-08,276.850006,278.250000,276.660004,278.190002,267.431396,72139700
2018-06-11,278.440002,279.369995,278.309998,278.559998,267.787018,58892500
2018-06-12,279.029999,279.329987,278.190002,278.920013,268.133179,72329000
2018-06-13,279.190002,279.480011,277.799988,278.029999,267.277557,79070600
2018-06-14,279.010010,279.329987,278.059998,278.730011,267.950470,77097600
2018-06-15,276.600006,277.510010,275.350006,277.130005,267.608673,120041600
2018-06-18,275.489990,276.700012,274.950012,276.559998,267.058228,52917600
2018-06-19,274.000000,275.750000,273.529999,275.500000,266.034668,97531500
2018-06-20,276.269989,276.720001,275.589996,275.970001,266.488495,53785500
2018-06-21,275.959991,275.980011,273.679993,274.239990,264.817963,71061400
2018-06-22,275.660004,275.790009,274.489990,274.739990,265.300781,54898500
2018-06-25,273.440002,273.619995,269.100006,271.000000,261.689240,137854200
2018-06-26,271.640015,272.559998,270.790009,271.600006,262.268646,68547400
2018-06-27,272.260010,273.869995,269.179993,269.350006,260.095917,105110700
2018-06-28,269.290009,271.750000,268.489990,270.890015,261.583008,76650500
2018-06-29,272.119995,273.660004,271.149994,271.279999,261.959656,97592500
2018-07-02,269.510010,272.040009,269.239990,271.859985,262.519714,63554800
2018-07-03,272.869995,272.980011,270.420013,270.899994,261.592651,42187100
2018-07-05,272.170013,273.179993,270.959991,273.109985,263.726685,56925900
2018-07-06,273.140015,275.839996,272.709991,275.420013,265.957367,66493700
2018-07-09,276.549988,277.959991,276.500000,277.899994,268.352203,50550400
2018-07-10,278.410004,279.010010,278.079987,278.899994,269.317780,51966800
2018-07-11,277.149994,278.040009,276.519989,276.859985,267.347900,77054700
2018-07-12,278.279999,279.429993,277.600006,279.369995,269.771698,60124700
2018-07-13,279.170013,279.929993,278.660004,279.589996,269.984100,48216000
2018-07-16,279.640015,279.799988,278.839996,279.339996,269.742706,48201000
2018-07-17,278.470001,280.910004,278.410004,280.470001,270.833862,52315500
2018-07-18,280.559998,281.179993,280.059998,281.059998,271.403625,44593500
2018-07-19,280.309998,280.739990,279.459991,280.000000,270.380035,61412100
2018-07-20,279.769989,280.480011,279.500000,279.679993,270.071014,82337700
2018-07-23,279.450012,280.429993,279.059998,280.200012,270.573181,47047600
2018-07-24,281.790009,282.559998,280.630005,281.609985,271.934723,68026900
2018-07-25,281.329987,284.369995,281.279999,284.010010,274.252289,78882900
2018-07-26,283.200012,284.109985,283.089996,283.339996,273.605255,57919500
2018-07-27,283.709991,283.820007,280.380005,281.420013,271.751282,76768700
2018-07-30,281.510010,281.690002,279.359985,279.950012,270.331787,63742500
2018-07-31,280.809998,282.019989,280.380005,281.329987,271.664337,68570500
2018-08-01,281.559998,282.130005,280.130005,280.859985,271.210480,53853300
2018-08-02,279.390015,282.579987,279.160004,282.390015,272.687958,63426400
2018-08-03,282.529999,283.660004,282.329987,283.600006,273.856323,53935400
2018-08-06,283.640015,284.989990,283.200012,284.640015,274.860626,39400900
2018-08-07,285.390015,286.010010,285.239990,285.579987,275.768280,43196600
2018-08-08,285.390015,285.910004,284.940002,285.459991,275.652405,42114600
2018-08-09,285.529999,285.970001,284.920013,285.070007,275.275879,35717000
2018-08-10,283.450012,284.059998,282.359985,283.160004,273.431488,77076000
2018-08-13,283.470001,284.160004,281.769989,282.100006,272.407898,65732900
2018-08-14,282.920013,284.170013,282.480011,283.899994,274.146027,43842000
2018-08-15,282.380005,282.540009,280.160004,281.779999,272.098907,102925400
2018-08-16,283.399994,285.040009,283.359985,284.059998,274.300568,69967900
2018-08-17,283.829987,285.559998,283.369995,285.059998,275.266144,65618500
2018-08-20,285.570007,285.970001,285.059998,285.670013,275.855225,39807500
2018-08-21,286.250000,287.309998,285.709991,286.339996,276.502228,67272000
2018-08-22,285.880005,286.760010,285.579987,286.170013,276.338074,44993300
2018-08-23,285.970001,286.940002,285.429993,285.790009,275.971100,49204900
2018-08-24,286.440002,287.670013,286.380005,287.510010,277.631989,57487400
2018-08-27,288.859985,289.899994,288.679993,289.779999,279.824005,57072400
2018-08-28,290.299988,290.420013,289.399994,289.920013,279.959229,46943500
2018-08-29,290.160004,291.739990,289.890015,291.480011,281.465637,61485500
2018-08-30,290.940002,291.359985,289.630005,290.299988,280.326172,61229500
2018-08-31,289.839996,290.809998,289.290009,290.309998,280.335785,66140800
2018-09-04,289.839996,290.209991,288.679993,289.809998,279.852997,57594400
2018-09-05,289.410004,289.640015,287.890015,289.029999,279.099762,72452400
2018-09-06,289.149994,289.489990,287.000000,288.160004,278.259705,65909900
2018-09-07,286.980011,288.700012,286.709991,287.600006,277.718964,73524800
2018-09-10,288.739990,289.040009,287.880005,288.100006,278.201721,50210900
2018-09-11,287.369995,289.549988,286.980011,289.049988,279.119080,50530500
2018-09-12,289.059998,289.799988,288.230011,289.119995,279.186707,59810800
2018-09-13,290.320007,291.040009,290.000000,290.829987,280.837921,51034200
2018-09-14,291.059998,291.269989,290.000000,290.880005,280.886230,55079900
2018-09-17,290.820007,290.859985,289.029999,289.339996,279.399139,68244000
2018-09-18,289.579987,291.579987,289.549988,290.910004,280.915222,61930400
2018-09-19,290.970001,291.690002,290.829987,291.220001,281.214539,49080600
2018-09-20,292.640015,293.940002,291.239990,293.579987,283.493500,100360600
2018-09-21,293.089996,293.220001,291.809998,291.989990,283.234467,105479700
2018-09-24,291.339996,291.500000,290.369995,291.019989,282.293549,53409600
2018-09-25,291.529999,291.649994,290.480011,290.750000,282.031647,44370000
2018-09-26,290.910004,292.239990,289.410004,289.880005,281.187744,79739700
2018-09-27,290.410004,291.910004,290.100006,290.690002,281.973450,59249500
2018-09-28,289.989990,291.279999,289.950012,290.720001,282.002502,70091400
2018-10-01,292.109985,292.929993,290.980011,291.730011,282.982300,62078900
2018-10-02,291.559998,292.359985,291.140015,291.559998,282.817352,47258200
2018-10-03,292.739990,293.209991,291.320007,291.720001,282.972595,64694600
2018-10-04,291.179993,291.239990,287.660004,289.440002,280.760895,111545900
2018-10-05,289.690002,290.269989,286.220001,287.820007,279.189484,105951700
2018-10-08,287.049988,288.220001,285.500000,287.820007,279.189484,87742200
2018-10-09,287.390015,288.859985,286.769989,287.399994,278.782104,74339000
2018-10-10,286.829987,286.910004,277.880005,278.299988,269.954987,214731000
2018-10-11,277.079987,278.899994,270.359985,272.170013,264.008789,274840500
2018-10-12,276.769989,277.089996,272.369995,275.950012,267.675446,183186500
2018-10-15,275.549988,277.040009,274.299988,274.399994,266.171906,102263700
2018-10-16,276.600006,280.820007,276.070007,280.399994,271.992004,118255800
2018-10-17,280.440002,281.149994,277.559998,280.450012,272.040497,110626000
2018-10-18,279.399994,280.070007,274.970001,276.399994,268.111938,134557500
2018-10-19,277.130005,279.299988,275.470001,276.250000,267.966431,139901600
2018-10-22,277.000000,277.359985,274.410004,275.010010,266.763580,82415800
2018-10-23,270.950012,274.869995,268.609985,273.609985,265.405609,146352700
2018-10-24,273.329987,273.760010,264.700012,265.320007,257.364166,177806700
2018-10-25,267.380005,271.809998,266.230011,270.079987,261.981415,138061500
2018-10-26,265.920013,271.000000,262.290009,265.329987,257.373871,201574600
2018-10-29,268.799988,270.250000,259.850006,263.859985,255.947952,160749100
2018-10-30,263.670013,268.119995,263.119995,267.769989,259.740723,157116000
2018-10-31,270.649994,273.230011,270.119995,270.630005,262.514984,128296300
2018-11-01,271.600006,273.730011,270.380005,273.510010,265.308624,99495000
2018-11-02,274.750000,275.230011,269.589996,271.890015,263.737244,122634100
2018-11-05,272.440002,274.010010,271.350006,273.390015,265.192230,65622500
2018-11-06,273.320007,275.299988,273.250000,275.119995,266.870331,60085900
2018-11-07,277.559998,281.100006,277.079987,281.010010,272.583740,102752100
2018-11-08,280.109985,281.220001,279.220001,280.500000,272.088989,65584900
2018-11-09,279.029999,279.239990,276.179993,277.760010,269.431183,98812600
2018-11-12,277.190002,277.459991,271.989990,272.570007,264.396790,99673600
2018-11-13,273.089996,275.329987,271.250000,272.059998,263.902069,98176600
2018-11-14,274.160004,274.609985,268.450012,270.200012,262.097839,125335900
2018-11-15,268.779999,273.540009,267.010010,273.019989,264.833282,135101400
2018-11-16,271.790009,274.750000,271.209991,273.730011,265.522003,126668000
2018-11-19,273.049988,273.380005,268.070007,269.100006,261.030853,103061700
2018-11-20,265.359985,267.000000,263.149994,264.119995,256.200165,136021300
2018-11-21,265.859985,267.149994,265.010010,265.019989,257.073181,75563700
2018-11-23,263.179993,264.820007,263.070007,263.250000,255.356262,42807900
2018-11-26,265.779999,267.750000,265.339996,267.500000,259.478821,79981400
2018-11-27,266.339996,268.399994,265.660004,268.399994,260.351807,75502400
2018-11-28,269.600006,274.579987,268.329987,274.579987,266.346466,127629600
2018-11-29,273.709991,275.549988,272.429993,273.980011,265.764496,82346400
2018-11-30,273.809998,276.279999,273.450012,275.649994,267.384430,98204200
2018-12-03,280.279999,280.399994,277.510010,279.299988,270.924988,103176300
2018-12-04,278.369995,278.850006,269.899994,270.250000,262.146362,177986000
2018-12-06,265.920013,269.970001,262.440002,269.839996,261.748627,204185400
2018-12-07,269.459991,271.220001,262.630005,263.570007,255.666656,161018900
2018-12-10,263.369995,265.160004,258.619995,264.070007,256.151703,151445900
2018-12-11,267.660004,267.869995,262.480011,264.130005,256.209839,121504400
2018-12-12,267.470001,269.000000,265.369995,265.459991,257.500000,97976700
2018-12-13,266.519989,267.489990,264.119995,265.369995,257.412689,96662700
2018-12-14,262.959991,264.029999,259.850006,260.470001,252.659622,116961100
2018-12-17,259.399994,260.649994,253.529999,255.360001,247.702866,165492300
2018-12-18,257.200012,257.950012,253.279999,255.080002,247.431244,134515100
2018-12-19,255.169998,259.399994,249.350006,251.259995,243.725754,214992800
2018-12-20,249.860001,251.619995,244.649994,247.169998,239.758438,252053400
2018-12-21,246.740005,249.710007,239.979996,240.699997,234.845886,255345600
2018-12-24,239.039993,240.839996,234.270004,234.339996,228.640564,147311600
2018-12-26,235.970001,246.179993,233.759995,246.179993,240.192596,218485400
2018-12-27,242.570007,248.289993,238.960007,248.070007,242.036667,186267300
2018-12-28,249.580002,251.399994,246.449997,247.750000,241.724442,153100200
2018-12-31,249.559998,250.190002,247.470001,249.919998,243.841644,144299400
2019-01-02,245.979996,251.210007,245.949997,250.179993,244.095322,126925200
2019-01-03,248.229996,248.570007,243.669998,244.210007,238.270538,144140700
2019-01-04,247.589996,253.110001,247.169998,252.389999,246.251556,142628800
2019-01-07,252.690002,255.949997,251.690002,254.380005,248.193176,103139100
2019-01-08,256.820007,257.309998,254.000000,256.769989,250.525040,102512600
2019-01-09,257.559998,258.910004,256.190002,257.970001,251.695877,95006600
2019-01-10,256.260010,259.160004,255.500000,258.880005,252.583725,96823900
2019-01-11,257.679993,259.010010,257.029999,258.980011,252.681320,73858100
2019-01-14,256.859985,258.299988,256.410004,257.399994,251.139725,70908200
2019-01-15,257.820007,260.700012,257.809998,260.350006,254.018005,85208300
2019-01-16,260.829987,261.970001,260.600006,260.980011,254.632645,77636700
2019-01-17,260.010010,263.920013,259.959991,262.959991,256.564514,96118400
2019-01-18,264.980011,266.980011,263.000000,266.459991,259.979370,127900300
2019-01-22,264.820007,265.059998,261.059998,262.859985,256.466919,115531200
2019-01-23,264.010010,264.790009,260.660004,263.410004,257.003571,86030300
2019-01-24,263.209991,264.200012,262.079987,263.549988,257.140137,59204100
2019-01-25,265.609985,266.700012,263.660004,265.779999,259.315918,96883400
2019-01-28,263.390015,263.829987,261.790009,263.760010,257.345093,85613700
2019-01-29,263.920013,264.549988,262.480011,263.410004,257.003571,66136300
2019-01-30,265.100006,268.519989,264.250000,267.579987,261.072144,92473700
2019-01-31,267.510010,270.470001,267.269989,269.929993,263.364990,104012100
2019-02-01,270.149994,271.200012,269.179993,270.059998,263.491791,85782500
2019-02-04,270.109985,272.029999,269.359985,271.959991,265.345612,60744800
2019-02-05,272.440002,273.440002,271.880005,273.100006,266.457855,79552800
2019-02-06,272.790009,273.339996,271.920013,272.739990,266.106598,58347800
2019-02-07,270.940002,271.549988,268.290009,270.140015,263.569916,95482000
2019-02-08,268.750000,270.579987,267.829987,270.470001,263.891846,75788900
2019-02-11,271.200012,271.489990,270.029999,270.619995,264.038208,68021400
2019-02-12,272.420013,274.519989,272.339996,274.100006,267.433594,72270200
2019-02-13,275.029999,275.929993,274.559998,274.989990,268.301880,65277200
2019-02-14,273.779999,275.640015,272.869995,274.380005,267.706757,83234400
2019-02-15,276.359985,277.410004,276.130005,277.369995,270.624023,97088700
2019-02-19,276.480011,278.579987,276.470001,277.850006,271.092377,59120800
2019-02-20,277.809998,278.920013,277.250000,278.410004,271.638733,76610800
2019-02-21,277.700012,278.100006,276.350006,277.420013,270.672821,64214700
2019-02-22,278.109985,279.359985,277.399994,279.140015,272.350983,78114600
2019-02-25,280.730011,281.309998,279.429993,279.519989,272.721741,69030700
2019-02-26,279.130005,280.299988,278.899994,279.320007,272.526611,56844100
2019-02-27,278.519989,279.589996,277.480011,279.200012,272.409576,56921600
2019-02-28,278.959991,279.450012,278.320007,278.679993,271.902130,69268300
2019-03-01,280.440002,280.880005,278.820007,280.420013,273.599854,78880500
2019-03-04,281.600006,281.869995,276.839996,279.399994,272.604675,106494600
2019-03-05,279.540009,279.760010,278.410004,279.019989,272.233887,59114600
2019-03-06,279.149994,279.160004,276.970001,277.329987,270.584991,75039800
2019-03-07,276.829987,276.989990,274.070007,275.010010,268.321411,94885100
2019-03-08,272.940002,274.649994,272.420013,274.459991,267.784851,85795800
2019-03-11,275.260010,278.619995,275.230011,278.440002,271.668030,65098900
2019-03-12,279.059998,280.070007,278.850006,279.489990,272.692444,79667500
2019-03-13,280.480011,282.380005,280.299988,281.339996,274.497437,80639200
2019-03-14,281.369995,281.839996,280.670013,281.160004,274.321838,67518400
2019-03-15,280.540009,282.209991,280.329987,281.309998,275.677185,81309000
2019-03-18,281.549988,282.660004,281.299988,282.329987,276.676697,62199800
2019-03-19,283.510010,284.359985,281.410004,282.399994,276.745331,90268100
2019-03-20,282.160004,283.500000,280.320007,281.549988,275.912354,84609200
2019-03-21,280.640015,285.179993,280.589996,284.730011,279.028717,79550400
2019-03-22,283.220001,283.799988,279.179993,279.250000,273.658386,122659300
2019-03-25,278.869995,280.190002,277.640015,279.040009,273.452637,85575200
2019-03-26,280.989990,282.179993,279.559998,281.119995,275.490936,68125900
2019-03-27,281.109985,281.760010,277.929993,279.649994,274.050385,72224700
2019-03-28,280.350006,281.209991,279.070007,280.709991,275.089203,56238500
2019-03-29,282.390015,282.839996,281.140015,282.480011,276.823761,82186800
2019-04-01,284.700012,286.160004,284.399994,285.829987,280.106659,77617900
2019-04-02,286.040009,286.230011,285.089996,285.970001,280.243835,40070400
2019-04-03,287.320007,287.760010,285.750000,286.420013,280.684845,68243200
2019-04-04,286.779999,287.459991,286.010010,287.179993,281.429596,48997500
2019-04-05,287.920013,288.630005,287.600006,288.570007,282.791809,58621700
2019-04-08,288.100006,288.910004,287.369995,288.790009,283.007416,53566300
2019-04-09,287.720001,288.079987,286.700012,287.309998,281.557007,66142300
2019-04-10,287.769989,288.390015,287.309998,288.290009,282.517426,52601500
2019-04-11,288.829987,288.839996,287.579987,288.209991,282.439026,55093100
2019-04-12,290.000000,290.470001,288.260010,290.160004,284.349976,69727800
2019-04-15,290.239990,290.350006,289.079987,289.970001,284.163757,49596700
2019-04-16,290.950012,291.010010,289.500000,290.160004,284.349976,52153200
2019-04-17,291.399994,291.429993,288.989990,289.450012,283.654175,58268300
2019-04-18,290.100006,290.320007,288.660004,290.019989,284.212738,68708500
2019-04-22,289.170013,290.440002,289.070007,290.269989,284.457733,40160100
2019-04-23,290.679993,293.140015,290.420013,292.880005,287.015472,52246600
2019-04-24,292.790009,293.160004,292.070007,292.230011,286.378540,50392900
2019-04-25,292.119995,292.779999,290.730011,292.049988,286.202118,57770900
2019-04-26,292.100006,293.489990,291.239990,293.410004,287.534882,50916400
2019-04-29,293.510010,294.450012,293.410004,293.869995,287.985657,57197700
2019-04-30,293.489990,294.339996,291.920013,294.019989,288.132660,81111700
2019-05-01,294.720001,294.950012,291.799988,291.809998,285.966919,71671900
2019-05-02,291.679993,292.700012,289.519989,291.179993,285.349518,65030200
2019-05-03,292.820007,294.339996,291.299988,294.029999,288.142456,56543700
2019-05-06,289.250000,293.309998,288.899994,292.820007,286.956696,107198100
2019-05-07,290.149994,290.809998,285.809998,287.929993,282.164612,144729900
2019-05-08,287.529999,289.429993,286.869995,287.529999,281.772583,91568300
2019-05-09,285.230011,287.329987,283.299988,286.660004,280.920044,103471100
2019-05-10,285.619995,288.940002,282.299988,288.100006,282.331207,112429300
2019-05-13,282.420013,283.489990,279.929993,280.859985,275.236145,127290500
2019-05-14,281.989990,285.100006,281.850006,283.399994,277.725281,77003200
2019-05-15,281.589996,285.769989,281.359985,285.059998,279.352051,73956400
2019-05-16,285.839996,289.209991,285.760010,287.700012,281.939240,76749600
2019-05-17,285.140015,288.600006,285.119995,285.839996,280.116455,100353000
2019-05-20,284.059998,285.959991,283.119995,283.950012,278.264313,62877600
2019-05-21,285.829987,286.929993,285.549988,286.510010,280.773041,46847100
2019-05-22,285.450012,286.690002,285.100006,285.630005,279.910645,49482500
2019-05-23,283.160004,283.209991,280.570007,282.140015,276.490570,98733800
2019-05-24,283.739990,284.200012,282.089996,282.779999,277.117737,55268100
2019-05-28,283.089996,284.149994,280.130005,280.149994,274.540405,70029400
2019-05-29,278.910004,279.359985,276.709991,278.269989,272.698029,104972900
2019-05-30,279.109985,280.040009,277.809998,279.029999,273.442780,62523800
2019-05-31,276.200012,277.119995,275.239990,275.269989,269.758087,86862800
2019-06-03,275.309998,276.549988,273.089996,274.570007,269.072113,96428000
2019-06-04,277.119995,280.679993,276.619995,280.529999,274.912781,77231900
2019-06-05,282.329987,282.989990,280.320007,282.959991,277.294159,71169700
2019-06-06,283.290009,285.549988,282.570007,284.799988,279.097260,69430400
2019-06-07,285.929993,288.850006,285.739990,287.649994,281.890167,74272200
2019-06-10,289.369995,290.820007,288.869995,288.970001,283.183777,60799100
2019-06-11,290.989990,291.399994,288.179993,288.899994,283.115173,58641300
2019-06-12,288.640015,289.260010,287.820007,288.390015,282.615387,46984700
2019-06-13,289.399994,289.980011,288.619995,289.579987,283.781525,48945200
2019-06-14,289.260010,289.929993,288.410004,289.260010,283.467987,52324700
2019-06-17,289.519989,290.220001,289.179993,289.369995,283.575775,39205700
2019-06-18,291.390015,293.570007,290.989990,292.399994,286.545074,85434800
2019-06-19,292.549988,293.649994,291.470001,293.059998,287.191864,78674400
2019-06-20,296.040009,296.309998,293.130005,295.859985,289.935791,116570000
2019-06-21,294.130005,295.519989,293.760010,294.000000,289.514374,83309500
2019-06-24,294.230011,294.579987,293.470001,293.640015,289.159851,47582700
2019-06-25,293.700012,293.730011,290.640015,290.760010,286.323792,82028700
2019-06-26,291.750000,292.309998,290.350006,290.470001,286.038208,51584900
2019-06-27,291.309998,292.059998,290.890015,291.500000,287.052521,40355200
2019-06-28,292.579987,293.549988,292.010010,293.000000,288.529602,59350900
2019-07-01,296.679993,296.920013,294.329987,295.660004,291.149048,79107500
2019-07-02,295.609985,296.489990,294.679993,296.429993,291.907257,61504500
2019-07-03,297.179993,298.820007,297.019989,298.799988,294.241089,40898900
2019-07-05,297.440002,298.640015,296.010010,298.459991,293.906281,51677300
2019-07-08,297.010010,298.260010,296.220001,296.820007,292.291351,45841800
2019-07-09,295.540009,297.519989,295.480011,297.190002,292.655701,41101300
2019-07-10,298.369995,299.660004,297.779999,298.609985,294.054016,58448500
2019-07-11,299.320007,299.579987,298.200012,299.309998,294.743317,50826100
2019-07-12,299.850006,300.730011,299.510010,300.649994,296.062897,40326000
2019-07-15,301.130005,301.130005,300.190002,300.750000,296.161377,33900000
2019-07-16,300.649994,300.880005,299.440002,299.779999,295.206177,36650100
2019-07-17,299.750000,299.929993,297.739990,297.739990,293.197296,36036300
2019-07-18,297.190002,299.250000,296.700012,298.829987,294.270660,51392600
2019-07-19,300.040009,300.070007,296.980011,297.170013,292.636017,58678600
2019-07-22,297.609985,298.500000,297.040009,297.899994,293.354858,43638100
2019-07-23,299.140015,300.029999,298.220001,300.029999,295.452362,44564500
2019-07-24,299.190002,301.440002,299.089996,301.440002,296.840851,47213200
2019-07-25,300.940002,301.000000,299.109985,300.000000,295.422791,55394100
2019-07-26,300.760010,302.230011,300.619995,302.010010,297.402130,45084100
2019-07-29,301.880005,302.010010,300.850006,301.459991,296.860504,38126500
2019-07-30,299.910004,301.170013,299.489990,300.720001,296.131805,45849000
2019-07-31,300.989990,301.200012,295.200012,297.429993,292.892029,104245200
2019-08-01,297.600006,300.869995,293.959991,294.839996,290.341553,142646600
2019-08-02,293.850006,294.119995,290.899994,292.619995,288.155396,116749700
2019-08-05,288.089996,288.209991,281.720001,283.820007,279.489685,178745400
2019-08-06,285.910004,288.040009,284.279999,287.799988,283.408936,120711700
2019-08-07,284.399994,288.820007,282.040009,287.970001,283.576385,140572300
2019-08-08,289.619995,293.619995,289.010010,293.619995,289.140137,87713900
2019-08-09,292.579987,293.239990,289.649994,291.619995,287.170654,93730000
2019-08-12,289.959991,291.609985,287.019989,288.070007,283.674866,62629500
2019-08-13,287.739990,294.149994,287.359985,292.549988,288.086487,94299800
2019-08-14,288.070007,288.739990,283.760010,283.899994,279.568451,135622100
2019-08-15,284.880005,285.640015,282.390015,284.649994,280.307007,99556600
2019-08-16,286.480011,289.329987,284.709991,288.850006,284.442932,83018300
2019-08-19,292.190002,293.079987,291.440002,292.329987,287.869843,53571800
2019-08-20,291.769989,292.359985,289.950012,290.089996,285.664001,51596400
2019-08-21,292.480011,292.859985,291.720001,292.450012,287.988037,49524700
2019-08-22,293.230011,293.929993,290.399994,292.359985,287.899353,51666400
2019-08-23,290.920013,292.760010,283.470001,284.850006,280.503998,149161500
2019-08-26,287.269989,288.000000,285.579987,288.000000,283.605896,72423800
2019-08-27,289.540009,289.950012,286.029999,286.869995,282.493134,66668900
2019-08-28,286.140015,289.070007,285.250000,288.890015,284.482361,59696700
2019-08-29,291.720001,293.160004,290.609985,292.579987,288.115997,57899400
2019-08-30,294.220001,294.239990,291.420013,292.450012,287.988037,62901200
2019-09-03,290.570007,291.579987,289.269989,290.739990,286.304077,69101400
2019-09-04,293.140015,294.059998,292.309998,294.040009,289.553772,46887300
2019-09-05,296.790009,298.829987,294.000000,297.820007,293.276093,83258100
2019-09-06,298.170013,298.760010,297.420013,298.049988,293.502533,49584300
2019-09-09,299.140015,299.239990,297.160004,298.200012,293.650299,51260300
2019-09-10,297.359985,298.200012,295.970001,298.130005,293.581360,57947100
2019-09-11,298.470001,300.339996,297.750000,300.250000,295.669006,68821100
2019-09-12,301.250000,302.459991,300.410004,301.290009,296.693115,72908700
2019-09-13,301.779999,302.170013,300.679993,301.089996,296.496185,62104800
2019-09-16,299.839996,301.140015,299.450012,300.160004,295.580383,58191200
2019-09-17,299.940002,301.019989,299.750000,300.920013,296.328766,41475500
2019-09-18,300.489990,301.220001,298.239990,301.100006,296.506042,73375800
2019-09-19,301.529999,302.630005,300.709991,301.079987,296.486328,76560500
2019-09-20,300.359985,300.670013,297.410004,298.279999,295.085480,89565000
2019-09-23,297.549988,299.000000,297.269989,298.209991,295.016235,43476800
2019-09-24,299.410004,299.839996,294.809998,295.869995,292.701294,94869400
2019-09-25,295.959991,298.109985,294.329987,297.619995,294.432556,71854000
2019-09-26,297.630005,297.859985,295.450012,297.000000,293.819183,56179700
2019-09-27,297.829987,297.950012,293.690002,295.399994,292.236328,84746600
2019-09-30,295.970001,297.549988,295.920013,296.769989,293.591644,51662400
2019-10-01,297.739990,298.459991,293.000000,293.239990,290.099457,88242400
2019-10-02,291.500000,291.510010,286.640015,288.059998,284.974945,122539500
2019-10-03,287.809998,290.450012,284.820007,290.420013,287.309692,85278800
2019-10-04,291.140015,294.630005,291.079987,294.350006,291.197601,65091200
2019-10-07,293.470001,295.260010,292.769989,293.079987,289.941162,59610500
2019-10-08,291.040009,291.850006,288.489990,288.529999,285.439911,95708100
2019-10-09,290.750000,292.299988,290.059998,291.269989,288.150574,62359400
2019-10-10,291.179993,294.209991,291.000000,293.239990,290.099457,55296300
2019-10-11,296.269989,298.739990,296.140015,296.279999,293.106903,98720400
2019-10-14,295.929993,296.670013,295.570007,295.950012,292.780457,40394800
2019-10-15,297.100006,299.700012,296.970001,298.880005,295.679077,46754500
2019-10-16,298.369995,299.160004,297.920013,298.399994,295.204193,48928200
2019-10-17,299.679993,300.239990,298.519989,299.279999,296.074768,45736600
2019-10-18,298.690002,299.399994,297.029999,297.970001,294.778809,64304000
2019-10-21,299.420013,300.209991,298.940002,299.989990,296.777161,39048600
2019-10-22,300.579987,300.899994,298.910004,299.010010,295.807678,48594700
2019-10-23,298.730011,299.940002,298.500000,299.880005,296.668335,34352200
2019-10-24,300.910004,301.070007,299.459991,300.369995,297.153107,35453100
2019-10-25,299.739990,302.200012,299.679993,301.600006,298.369934,45205400
2019-10-28,302.940002,303.850006,302.910004,303.299988,300.051697,42147000
2019-10-29,303.000000,304.230011,302.859985,303.209991,299.962708,44284900
2019-10-30,303.429993,304.549988,301.989990,304.140015,300.882721,49643900
2019-10-31,304.130005,304.130005,301.730011,303.329987,300.081421,69053800
2019-11-01,304.920013,306.190002,304.739990,306.140015,302.861328,71141500
2019-11-04,307.850006,308.000000,306.959991,307.369995,304.078156,60606900
2019-11-05,307.589996,307.920013,306.709991,307.029999,303.741791,42933200
2019-11-06,307.029999,307.399994,306.059998,307.100006,303.811035,46487100
2019-11-07,308.570007,309.649994,307.660004,308.179993,304.879456,54272300
2019-11-08,307.799988,309.000000,307.029999,308.940002,305.631317,49032100
2019-11-11,307.420013,308.540009,307.269989,308.350006,305.047638,35797300
2019-11-12,308.750000,309.989990,308.149994,309.000000,305.690674,46484600
2019-11-13,307.910004,309.540009,307.660004,309.100006,305.789612,53917700
2019-11-14,308.790009,309.640015,308.089996,309.549988,306.234772,51219900
2019-11-15,311.019989,311.839996,310.260010,311.790009,308.450806,62023600
2019-11-18,311.529999,312.279999,311.029999,312.019989,308.678314,49228000
2019-11-19,312.679993,312.690002,311.220001,311.929993,308.589294,67804700
2019-11-20,311.279999,311.850006,309.059998,310.769989,307.441711,79406200
2019-11-21,310.890015,311.010010,309.390015,310.269989,306.947052,54664700
2019-11-22,311.089996,311.239990,309.850006,310.959991,307.629669,44850200
2019-11-25,311.980011,313.369995,311.980011,313.369995,310.013855,48647200
2019-11-26,313.410004,314.279999,313.059998,314.079987,310.716248,37569000
2019-11-27,314.609985,315.480011,314.369995,315.480011,312.101288,44444600
2019-11-29,314.859985,315.130005,314.059998,314.309998,310.943817,36592700
2019-12-02,314.589996,314.660004,311.170013,311.640015,308.302429,75767800
2019-12-03,308.649994,309.640015,307.130005,309.549988,306.234772,73941700
2019-12-04,310.700012,312.119995,310.320007,311.459991,308.124329,49080000
2019-12-05,312.230011,312.250000,310.579987,312.019989,308.678314,40709000
2019-12-06,314.119995,315.309998,314.109985,314.869995,311.497803,48927000
2019-12-09,314.440002,315.179993,313.799988,313.880005,310.518433,34838500
2019-12-10,313.820007,314.549988,312.809998,313.529999,310.172180,52649800
2019-12-11,314.029999,314.700012,313.440002,314.420013,311.052643,53429100
2019-12-12,314.429993,317.989990,314.170013,317.130005,313.733612,96389600
2019-12-13,316.869995,318.670013,316.019989,317.320007,313.921600,81503900
2019-12-16,319.220001,320.149994,317.250000,319.500000,316.078217,82749700
2019-12-17,319.920013,320.250000,319.480011,319.570007,316.147491,61097700
2019-12-18,320.000000,320.250000,319.529999,319.589996,316.167267,48133000
2019-12-19,319.799988,320.980011,319.519989,320.899994,317.463226,85310500
2019-12-20,320.459991,321.970001,319.390015,320.730011,318.855042,147142100
2019-12-23,321.589996,321.649994,321.059998,321.220001,319.342194,52990000
2019-12-24,321.470001,321.519989,320.899994,321.230011,319.352142,20270000
2019-12-26,321.649994,322.950012,321.640015,322.940002,321.052124,30911200
2019-12-27,323.739990,323.799988,322.279999,322.859985,320.972565,42528800
2019-12-30,322.950012,323.100006,320.549988,321.079987,319.202972,49729100
2019-12-31,320.529999,322.130005,320.149994,321.859985,319.978424,57077300
2020-01-02,323.540009,324.890015,322.529999,324.869995,322.970825,59151200
2020-01-03,321.160004,323.640015,321.100006,322.410004,320.525238,77709700
2020-01-06,320.489990,323.730011,320.359985,323.640015,321.748047,55653900
2020-01-07,323.019989,323.540009,322.239990,322.730011,320.843353,40496400
2020-01-08,322.940002,325.779999,322.670013,324.450012,322.553314,68296000
2020-01-09,326.160004,326.730011,325.519989,326.649994,324.740417,48473300
2020-01-10,327.290009,327.459991,325.200012,325.709991,323.805908,53029300
2020-01-13,326.390015,327.959991,325.920013,327.950012,326.032837,47086800
2020-01-14,327.470001,328.619995,326.839996,327.450012,325.535767,62832800
2020-01-15,327.350006,329.019989,327.260010,328.190002,326.271423,72056600
2020-01-16,329.700012,330.920013,329.450012,330.920013,328.985474,54050300
2020-01-17,331.700012,332.179993,330.850006,331.950012,330.009460,95846000
2020-01-21,330.899994,332.179993,330.820007,331.299988,329.363251,77742400
2020-01-22,332.239990,332.950012,331.170013,331.339996,329.403015,48914900
2020-01-23,330.630005,332.170013,329.410004,331.720001,329.780792,51963000
2020-01-24,332.440002,332.529999,327.359985,328.769989,326.848022,87578400
2020-01-27,323.029999,325.119995,322.660004,323.500000,321.608856,84062500
2020-01-28,325.059998,327.850006,323.600006,326.890015,324.979034,63834000
2020-01-29,328.380005,328.630005,326.399994,326.619995,324.710602,53888900
2020-01-30,324.359985,327.910004,323.540009,327.679993,325.764404,75491800
2020-01-31,327.000000,327.170013,320.730011,321.730011,319.849213,113845600
2020-02-03,323.350006,326.160004,323.220001,324.119995,322.225220,69242300
2020-02-04,328.070007,330.010010,327.720001,329.059998,327.136353,62573200
2020-02-05,332.269989,333.089996,330.670013,332.859985,330.914124,65951100
2020-02-06,333.910004,334.190002,332.799988,333.980011,332.027588,50359700
2020-02-07,332.820007,333.989990,331.600006,332.200012,330.257996,64139400
2020-02-10,331.230011,334.750000,331.190002,334.679993,332.723480,42070000
2020-02-11,336.160004,337.019989,334.679993,335.260010,333.300110,54864500
2020-02-12,336.829987,337.649994,336.429993,337.420013,335.447479,43992700
2020-02-13,335.859985,338.119995,335.559998,337.059998,335.089569,54501900
2020-02-14,337.510010,337.730011,336.200012,337.600006,335.626434,64582200
2020-02-18,336.510010,337.670013,335.209991,336.730011,334.761505,57226200
2020-02-19,337.790009,339.079987,337.480011,338.339996,336.362091,48814700
2020-02-20,337.739990,338.640015,333.679993,336.950012,334.980225,74163400
2020-02-21,335.470001,335.809998,332.579987,333.480011,331.530518,113788200
2020-02-24,323.140015,333.559998,321.239990,322.420013,320.535187,161088400
2020-02-25,323.940002,324.609985,311.690002,312.649994,310.822266,218913200
2020-02-26,314.179993,318.109985,310.700012,311.500000,309.678986,194773800
2020-02-27,305.459991,311.559998,297.510010,297.510010,295.770782,284353500
2020-02-28,288.700012,297.890015,285.540009,296.260010,294.528107,385764000
2020-03-02,298.209991,309.160004,294.459991,309.089996,307.283081,238703600
2020-03-03,309.500000,313.839996,297.570007,300.239990,298.484802,300139100
2020-03-04,306.119995,313.100006,303.329987,312.859985,311.031036,176613400
2020-03-05,304.980011,308.470001,300.010010,302.459991,300.691833,186366800
2020-03-06,293.149994,298.779999,290.230011,297.459991,295.721069,228667200
2020-03-09,275.299988,284.190002,273.450012,274.230011,272.626892,309417300
2020-03-10,284.640015,288.519989,273.500000,288.420013,286.733948,276444100
2020-03-11,280.700012,281.940002,270.880005,274.359985,272.756104,255316300
2020-03-12,256.000000,266.660004,247.679993,248.110001,246.659576,392220700
2020-03-13,263.089996,271.480011,248.520004,269.320007,267.745575,329566100
2020-03-16,241.179993,256.899994,237.360001,239.850006,238.447861,297240000
2020-03-17,245.039993,256.170013,237.070007,252.800003,251.322159,262070500
2020-03-18,236.250000,248.369995,228.020004,240.000000,238.596985,327597100
2020-03-19,239.250000,247.380005,232.220001,240.509995,239.103989,289322000
2020-03-20,242.529999,244.470001,228.500000,228.800003,228.800003,347158800
2020-03-23,228.190002,229.679993,218.259995,222.949997,222.949997,326025200
2020-03-24,234.419998,244.100006,233.800003,243.149994,243.149994,235494500
2020-03-25,244.869995,256.350006,239.750000,246.789993,246.789993,299430300
2020-03-26,249.520004,262.799988,249.050003,261.200012,261.200012,257632800
2020-03-27,253.270004,260.809998,251.050003,253.419998,253.419998,224341200
2020-03-30,255.699997,262.429993,253.529999,261.649994,261.649994,171369500
2020-03-31,260.559998,263.329987,256.220001,257.750000,257.750000,194881100
2020-04-01,247.979996,257.660004,243.899994,246.149994,246.149994,189554600
2020-04-02,245.190002,252.679993,244.589996,251.830002,251.830002,177660400
2020-04-03,250.759995,253.320007,245.220001,248.190002,248.190002,135310100